PDB_code,resolution,release_year,Kd,ligand_name
1mwt,2.45,2002,13.3mM,(PNM)
4yb5,2.24,2016,19.3uM,(HIS)
4yb6,1.98,2016,4.8uM,(HIS)
4yb7,2.20,2016,158uM,(ATP)
4zcs,2.45,2016,47uM,(CDC)
5dpw,2.19,2016,4.22uM,(14-mer)
5eng,1.30,2016,1.4uM,(5QN)
5ep7,1.20,2016,4uM,(5QR)
5f29,1.82,2017,9uM,(2BA)
5fsb,1.65,2017,6.0mM,(6YR)
5fsc,1.95,2017,4.4mM,(G8Z)
5h63,1.92,2017,1.2uM,(UD1)
5h85,1.70,2017,20uM,(5XS)
5ier,2.01,2017,13uM,(3QZ)
5if6,2.50,2017,59nM,(3QZ)
5ijr,1.52,2017,637uM,(HRG)
5iyy,1.60,2017,17uM,(R40)
5j1x,2.10,2017,3uM,(AR5)
5j20,1.76,2017,0.72nM,(6FJ)
5j27,1.70,2017,180nM,(6FF)
5j2x,1.22,2017,18nM,(6DL)
5j64,1.38,2017,140nM,(6G7)
5j6l,1.75,2017,13nM,(6GC)
5j6m,1.64,2017,2.7nM,(6FJ)
5j6n,1.90,2017,17nM,(6FF)
5j82,2.17,2017,1000nM,(6GV)
5j86,1.87,2017,5.5nM,(6GW)
5j8m,1.90,2017,160nM,(6DL)
5j8u,1.75,2017,340nM,(6DL)
5j9x,1.80,2017,17nM,(6GC)
5jgi,1.38,2017,50uM,(AAG)
5jgq,1.60,2017,24uM,(6JY)
5jhk,1.80,2017,23uM,(6K8)
5jm4,2.34,2017,38nM,(11-mer)
5k0m,1.83,2017,1.5nM,(6PU)
5k48,1.74,2017,0.251uM,(S5Z)
5kh3,1.60,2016,60uM,(6U6)
5kh7,1.70,2016,220uM,(6T7)
5klr,2.20,2016,19nM,(16-mer)
5klt,2.60,2016,175nM,(16-mer)
5ko5,1.36,2017,27uM,(CYT)
5llc,1.10,2017,0.3nM,(V26)
5lle,1.90,2017,0.060nM,(V51)
5llg,1.12,2017,0.0074nM,(VD9)
5llh,1.90,2017,0.067nM,(V49)
5llo,1.60,2017,0.4nM,(5EF)
5llp,1.48,2017,0.58nM,(6Z9)
5lny,1.88,2017,42nM,(70K)
5ltn,1.88,2017,5.38uM,(XI7)
5may,1.65,2017,0.328uM,(PK6)
5mb1,1.65,2017,0.253uM,(7KT)
5mi3,2.80,2017,146nM,(GDP)
5mme,1.35,2017,1.4uM,(8Q6)
5mmg,1.23,2017,0.970uM,(UT0)
5mng,.86,2018,20.7uM,(BAM)
5mnh,.93,2018,20.7uM,(BAM)
5mnn,.86,2018,143uM,(MRZ)
5mno,.96,2018,143uM,(MRZ)
5mo0,1.50,2018,20.7uM,(BAM)
5mo2,1.50,2018,143uM,(D86)
5moq,.93,2018,20.7uM,(BAM)
5mos,0.96,2018,163uM,(D86)
5mpk,1.90,2018,0.003uM,(0BC)
5mpn,1.23,2018,0.085uM,(YE5)
5msb,1.30,2018,35nM,(V13)
5muc,2.60,2018,0.913uM,(AH2)
5mwh,1.65,2018,1.8uM,(UWX)
5mwz,1.25,2018,7.1uM,(KGU)
5n1p,1.45,2018,25uM,(8GK)
5n70,1.81,2017,3nM,(8-mer)
5nap,2.17,2018,11.12nM,(DZ7)
5nau,2.25,2018,29.86nM,(DZ0)
5ndb,2.38,2018,22uM,(8TW)
5niy,1.70,2018,60uM,(GNP)
5nkn,2.20,2018,120pM,(LOC)
5nlk,1.80,2018,0.035uM,(92E)
5nn0,2.10,2018,11pM,(92H)
5nne,1.15,2018,19.5uM,(11-mer)
5nud,2.50,2018,32nM,(99K)
5nwe,2.00,2018,13200nM,(G39)
5nwz,2.37,2018,0.8nM,(9CT)
5nyh,1.65,2018,18.7nM,(9EK)
5nz4,1.36,2018,520nM,(G39)
5nze,1.69,2018,410nM,(G39)
5o0j,1.81,2018,16.85uM,(8BR)
5o1a,1.44,2018,30uM,(9H5)
5o1b,1.43,2018,20uM,(9H2)
5o1c,1.32,2018,113uM,(9GZ)
5o1d,1.36,2018,22uM,(9GW)
5o1e,1.30,2018,33uM,(9GT)
5o1f,1.38,2018,30uM,(9GQ)
5o1g,1.35,2018,116uM,(9GK)
5o1h,1.32,2018,14uM,(9GN)
5o1i,1.40,2018,4uM,(9GH)
5o22,2.10,2018,10nM,(C3R)
5o3q,1.75,2018,2.1uM,(CMP)
5o3r,1.90,2018,10.1uM,(AMP)
5o55,1.45,2018,20uM,(9L5)
5o5a,1.60,2018,17uM,(9LN)
5o5f,1.30,2018,50uM,(9LT)
5o9o,1.90,2018,13.00uM,(9PB)
5o9p,1.75,2018,8.06uM,(9P8)
5o9q,1.40,2018,6.2uM,(9PH)
5o9r,1.70,2018,4.09uM,(9PK)
5o9y,1.57,2018,4.60uM,(9PN)
5oa2,2.15,2018,9.80uM,(9PW)
5oa6,1.94,2018,3.10uM,(9PT)
5oah,1.80,2018,4.9nM,(95B)
5oax,1.20,2018,27nM,(9Q5)
5oci,1.62,2018,9.0nM,(9R8)
5od5,1.90,2018,18.3nM,(95B)
5ods,3.09,2018,47uM,(18-mer)
5odx,1.82,2018,195nM,(9RZ)
5ody,1.15,2018,4.0nM,(9SK)
5oha,1.55,2018,13uM,(9UW)
5olk,2.45,2018,1uM,(DTP)
5om2,1.47,2018,86.7uM,(DXT)
5om3,2.00,2018,79.2uM,(DXT)
5om7,1.73,2018,1.8uM,(DM2)
5oqu,2.32,2018,244uM,(A4B)
5orh,1.75,2018,41uM,(A4N)
5orj,1.99,2018,17uM,(A4Q)
5ork,2.14,2018,234uM,(A4T)
5os7,1.66,2018,205uM,(A8Q)
5os8,1.55,2018,105uM,(J27)
5osl,1.95,2018,375uM,(A9K)
5oss,1.70,2018,28.3uM,(AEZ)
5ost,2.10,2018,27.3uM,(AEZ)
5otr,1.52,2018,12uM,(AU8)
5otz,1.46,2018,6.5uM,(AUT)
5oul,1.34,2018,500uM,(AWE)
5ov8,1.80,2018,18uM,(AXN)
5ovc,1.55,2018,1.1uM,(7-mer)
5ovp,1.50,2018,9.1uM,(7-mer)
5ovv,1.40,2018,33uM,(7-mer)
5owa,1.95,2018,3.5uM,(B0H)
5owf,1.91,2018,1.59uM,(GLN)
5oxk,2.38,2018,6.82mM,(2-mer)
5oxl,2.66,2018,0.56mM,(2-mer)
5oxm,2.30,2018,50mM,(2-mer)
5oxn,2.20,2018,10.95mM,(2-mer)
5oyd,2.10,2018,1.78mM,(7-mer)
5qa4,1.95,2018,170uM,(TI7)
5qa5,1.95,2018,300uM,(L5D)
5qa6,1.95,2018,175uM,(AUV)
5qa7,1.82,2018,110uM,(IQQ)
5qa8,2.50,2018,170uM,(JSX)
5qa9,1.90,2018,230uM,(QKU)
5qaa,1.95,2018,123uM,(EAJ)
5qab,2.15,2018,226uM,(XEV)
5qac,2.00,2018,250uM,(U4J)
5qad,1.75,2018,170uM,(WVV)
5qae,2.10,2018,240uM,(Q4G)
5qaf,2.15,2018,312uM,(S1D)
5qag,2.30,2018,200uM,(Q2R)
5qah,1.95,2018,144uM,(EFX)
5qai,1.90,2018,150uM,(VM7)
5qaj,2.00,2018,330uM,(VBC)
5qak,1.90,2018,220uM,(AV4)
5qal,1.95,2018,350uM,(TVZ)
5qam,1.87,2018,100uM,(GA6)
5qan,2.30,2018,110uM,(M8Q)
5qao,2.00,2018,240uM,(Z8R)
5qap,1.79,2018,100uM,(AV7)
5qaq,2.40,2018,290uM,(S1C)
5qar,2.10,2018,170uM,(QIU)
5qas,1.90,2018,190uM,(CVF)
5qat,1.90,2018,140uM,(T7O)
5qau,1.75,2018,70uM,(V7V)
5qav,1.72,2018,70uM,(L43)
5qaw,2.20,2018,400uM,(TVC)
5qax,2.31,2018,160uM,(Q92)
5qay,1.70,2018,590uM,(X6P)
5qaz,2.20,2018,400uM,(Q2S)
5qb0,1.95,2018,159uM,(AVA)
5qb1,1.80,2018,20uM,(F1C)
5qb2,1.75,2018,70uM,(U3M)
5qb3,2.00,2018,49uM,(AVM)
5t2t,1.97,2017,0.51uM,(0N8)
5t5g,2.10,2016,1.3uM,(75P)
5tgc,3.25,2017,200nM,(ATP)
5tkj,2.12,2018,7.15nM,(8-mer)
5tkk,1.55,2018,5.29nM,(8-mer)
5ttf,1.72,2016,610nM,(7KZ)
5ttg,1.66,2017,46nM,(7KZ)
5u4x,1.88,2016,7.1nM,(7VM)
5uc1,2.35,2017,14nM,(486)
5uc4,2.05,2018,0.35uM,(83S)
5uch,2.65,2018,0.97uM,(871)
5uci,2.70,2018,4.27uM,(874)
5ucj,1.69,2018,0.44uM,(KU3)
5umw,2.27,2018,59.5uM,(RBF)
5umx,1.59,2018,1.1uM,(RBF)
5umy,1.78,2018,108nM,(TNN)
5un1,3.60,2018,1.6uM,(BMK)
5unp,2.92,2018,0.096nM,(8FY)
5uxm,1.54,2018,3.6uM,(TRP)
5uxn,2.20,2018,23uM,(TYR)
5v1d,2.80,2018,0.2uM,(12-mer)
5var,1.83,2018,81.7uM,(92Y)
5vb9,1.70,2018,1.3uM,(15-mer)
5vl2,1.90,2018,3.77nM,(9EG)
5vm0,1.79,2018,1.60nM,(9EG)
5vnb,2.40,2018,5.0uM,(10-mer)
5vqe,1.89,2018,32mM,(G2F)
5vr8,2.00,2017,0.135uM,(UDX)
5vrl,2.65,2018,77nM,(9JA)
5vyy,1.79,2018,0.62uM,(9QY)
5vzu,2.70,2018,2.7uM,(17-mer)
5w19,2.10,2018,5uM,(9TD)
5w4s,NMR,2018,94uM,(12-mer)
5w5v,3.65,2018,0.8uM,(ANW)
5w7x,2.01,2018,80uM,(9-mer)
5w8j,1.55,2018,370nM,(9Y7)
5wj6,2.45,2018,27nM,(B4A)
5wmt,2.75,2018,1.38uM,(9QY)
5wou,1.55,2018,664nM,(8-mer)
5wtt,2.70,2017,0.25uM,(8-mer)
5xgl,3.44,2018,131.6nM,(17-mer)
5xhs,2.19,2018,9.01uM,(3-mer)
5xhz,1.32,2018,0.32uM,(11-mer)
5xiw,2.90,2018,11.03uM,(LOC)
5xjm,3.20,2018,0.43nM,(8-mer)
5xmx,2.00,2018,57nM,(89L)
5xo2,2.20,2017,94uM,(7-mer)
5xo7,1.88,2018,0.44uM,(36J)
5xof,1.96,2017,98uM,(7-mer)
5xpi,2.20,2018,5.2uM,(8C3)
5xs8,1.95,2018,3.86uM,(2-mer)
5xsr,2.30,2018,20.3nM,(8EC)
5xsu,2.40,2018,180nM,(8E3)
5xwr,2.69,2018,1.04uM,(12-mer)
5y1u,2.14,2018,7.6uM,(12-mer)
5y20,2.41,2018,30.4uM,(7-mer)
5y24,1.92,2018,4.6nM,(6-mer)
5y2f,2.53,2018,7.0uM,(8L9)
5y59,2.40,2017,5.1uM,(12-mer)
5y6k,2.86,2018,0.86uM,(8R6)
5y7z,2.80,2018,15.4nM,(IRE)
5y80,2.50,2018,1.62nM,(IRE)
5y8y,1.87,2018,82nM,(8PX)
5y94,2.00,2018,164nM,(8QC)
5y97,3.05,2018,0.25mM,(LAT)
5ya5,1.89,2018,0.19uM,(6TD)
5yba,2.06,2018,16.81uM,(8-mer)
5ybi,2.27,2018,322.48uM,(ANP)
5yc2,2.70,2018,11.4uM,(18-mer)
5yc3,2.60,2018,14.2uM,(9-mer)
5yc4,2.70,2018,12.1uM,(9-mer)
5yc8,2.50,2018,6.4nM,(3C0)
5yf1,2.40,2018,0.52mM,(8V0)
5yfs,2.30,2018,13.8uM,(RI2)
5yft,2.21,2018,10uM,(RI2)
5ygd,1.55,2018,0.054uM,(11-mer)
5ygf,1.70,2018,0.62uM,(9-mer)
5yh8,2.12,2018,167.8nM,(8UX)
5yhe,2.47,2018,203.3nM,(8UX)
5yhg,2.03,2018,952.3nM,(8UX)
5yhl,4.20,2018,18nM,(8VL)
5yij,3.18,2018,381uM,(NAI)
5yj8,1.76,2018,0.104mM,(8W9)
5yl2,2.09,2018,31.69uM,(8WU)
5ylj,2.70,2018,139.3uM,(8X0)
5yls,3.00,2018,5.13uM,(Y50)
5ypo,2.29,2018,0.08uM,(15-mer)
5yqw,1.36,2018,31nM,(CBS)
5yto,1.90,2018,33uM,(946)
5ytu,1.90,2018,12uM,(5FW)
5yv5,2.10,2018,3.9uM,(18-mer)
5yvt,2.40,2018,109uM,(NAI)
5yvx,1.59,2018,1.29uM,(9-mer)
5ywx,1.74,2018,0.14nM,(93C)
5ywy,3.20,2018,59nM,(7UR)
5yy4,1.59,2018,370nM,(9-mer)
5yyb,2.48,2018,277nM,(NGE)
5yyf,1.90,2018,0.33uM,(7-mer)
5yyz,1.80,2018,66.2uM,(13-mer)
5yz2,1.75,2018,11.3uM,(AMP)
5z68,3.00,2018,1.3uM,(ATP)
5z7b,2.10,2018,13uM,(VNL)
5z7j,1.98,2018,0.25uM,(36J)
5z89,1.42,2018,195nM,(EGC)
5z95,1.20,2018,284nM,(EGC)
5z99,1.49,2018,133nM,(SLB)
5za2,1.50,2018,1.7uM,(NXL)
5zia,2.60,2018,0.3uM,(9-mer)
5zk3,2.60,2018,1.8nM,(QNB)
5zk8,3.00,2018,1.3nM,(3C0)
5zkc,2.30,2018,6.4nM,(3C0)
5zku,2.32,2018,50.5uM,(9F3)
5zla,1.70,2018,50.1uM,(9F3)
5znp,2.80,2018,20.6uM,(15-mer)
5znr,3.20,2018,21.3uM,(17-mer)
5zo7,2.60,2018,1nM,(5C5)
5zo8,2.20,2018,6.3nM,(4C5)
5zo9,2.70,2018,6.3nM,(4C5)
5zoo,1.85,2018,2.23uM,(14-mer)
5zt1,3.11,2018,21.23uM,(AGS)
5zu0,2.76,2018,3.1uM,(SAH)
5zuj,2.60,2018,16.5uM,(15-mer)
5zzw,2.60,2018,3.1uM,(SAH)
6a6w,2.60,2018,3.7uM,(17-mer)
6af9,1.39,2018,3.2uM,(ISN)
6afa,1.65,2018,3.2uM,(ISN)
6afc,1.45,2018,0.93uM,(72R)
6afd,1.48,2018,3.7uM,(72S)
6afe,1.50,2018,4.4uM,(72T)
6aff,1.60,2018,3.9uM,(72U)
6afg,1.50,2018,13.7uM,(72V)
6afh,1.65,2018,0.75uM,(73F)
6afi,1.65,2018,0.63uM,(73D)
6afj,1.48,2018,0.52uM,(73G)
6afl,1.60,2018,0.10uM,(73H)
6agg,2.71,2018,85uM,(AG2)
6am8,1.83,2018,13uM,(TRP)
6ami,1.97,2018,30uM,(TRP)
6an1,2.69,2018,4.5uM,(BKY)
6ap6,1.65,2018,4.3uM,(TLF)
6ap7,1.51,2018,4.6uM,(BNY)
6ap8,1.27,2018,8.0uM,(BNY)
6aqf,2.51,2018,2.14nM,(ZMA)
6ar2,1.55,2018,0.393uM,(10-mer)
6atv,1.75,2018,6.0nM,(15-mer)
6awn,3.62,2017,0.63nM,(8PR)
6awp,3.80,2017,69nM,(FVX)
6b1c,2.16,2018,0.111uM,(C9J)
6b1f,1.44,2018,1.9nM,(C8Y)
6b1h,1.80,2018,1.9nM,(C8Y)
6b1j,1.60,2018,43nM,(C8V)
6b1k,1.17,2018,0.213uM,(C9G)
6b1w,1.73,2018,43nM,(C8V)
6b1x,1.45,2018,40nM,(C9D)
6b1y,1.80,2018,40nM,(CD7)
6b22,1.93,2018,42nM,(C8Y)
6b2c,2.00,2018,0.094uM,(C9Y)
6b3v,1.60,2018,203pM,(7DQ)
6b4h,2.17,2018,3nM,(IHP)
6b5a,1.62,2018,11.4nM,(CQS)
6b5i,2.60,2018,1.1uM,(CU4)
6b5m,1.79,2018,0.001nM,(15-mer)
6b5o,2.19,2018,4.66nM,(15-mer)
6b5q,2.16,2018,5.7nM,(5-mer)
6b5r,1.78,2018,1.69nM,(15-mer)
6b5t,2.22,2018,2.21nM,(15-mer)
6b67,2.20,2018,8.9uM,(7-mer)
6bau,3.80,2018,31uM,(CYS)
6baw,2.70,2018,4.2uM,(D57)
6bbx,2.20,2018,215nM,(D77)
6bdy,1.51,2018,2.04uM,(SFG)
6beb,2.55,2018,246uM,(RFV)
6bec,2.91,2018,98uM,(RBT)
6bed,2.75,2018,19uM,(RFP)
6bee,3.11,2018,22uM,(RXM)
6bef,3.21,2018,104uM,(3YI)
6beh,3.00,2018,82uM,(RPT)
6bgg,NMR,2018,95uM,(12-mer)
6bgu,1.68,2018,0.53uM,(DKP)
6bgv,1.59,2018,0.18uM,(DQG)
6bgw,1.64,2018,0.21uM,(DKS)
6bgx,1.88,2018,0.47uM,(DKV)
6bgy,1.22,2018,0.15uM,(DLJ)
6bgz,1.69,2018,0.41uM,(DNV)
6bh0,1.99,2018,0.22uM,(DO1)
6bh1,1.93,2018,0.06uM,(DQG)
6bh2,1.45,2018,2.4uM,(90V)
6bh3,1.70,2018,12uM,(DQJ)
6bh5,1.65,2018,0.25uM,(DNY)
6bhv,2.30,2018,5.87uM,(DQV)
6bj2,3.35,2018,4uM,(9-mer)
6bj3,1.90,2018,17uM,(9-mer)
6bm5,1.50,2018,1.43uM,(SAM)
6bm6,1.50,2018,20.8uM,(SAH)
6bmi,3.90,2018,9uM,(SER)
6bnk,3.20,2018,102nM,(AGH)
6bnl,2.60,2018,110nM,(QWV)
6bny,3.34,2018,0.4uM,(E0M)
6bod,3.20,2018,55uM,(E0P)
6boe,3.60,2018,2.9uM,(E0S)
6bu0,2.43,2018,1.1uM,(IHP)
6bvb,2.00,2018,196nM,(19-mer)
6bw5,3.10,2018,5.6nM,(TUM)
6c28,2.09,2018,68uM,(WCA)
6c4u,2.60,2018,798nM,(9-mer)
6c91,2.90,2018,0.65uM,(EQD)
6c98,1.85,2018,80uM,(ER7)
6c99,2.00,2018,2.4uM,(EQY)
6cct,2.40,2018,72.5uM,(4-mer)
6ccu,1.75,2018,35.2uM,(4-mer)
6cd8,1.60,2018,19.4uM,(4-mer)
6cd9,1.55,2018,38.3uM,(4-mer)
6cdc,1.75,2018,2.5uM,(4-mer)
6cdg,1.60,2018,1.9uM,(6-mer)
6cdm,2.41,2018,0.805nM,(8-mer)
6cdo,2.10,2018,1.06nM,(8-mer)
6cdp,2.46,2018,1.64nM,(8-mer)
6ce2,2.15,2018,0.5uM,(SVR)
6ce6,1.60,2018,8uM,(EYP)
6cea,1.60,2018,720uM,(EYY)
6ced,1.70,2018,1.5uM,(EYA)
6cer,2.69,2018,4.39uM,(TDP)
6cex,2.57,2018,20mM,(NHE)
6cf5,2.04,2018,20mM,(NHE)
6cf6,1.93,2018,5.8uM,(13-mer)
6cfc,2.04,2018,210uM,(BLG)
6cfd,2.57,2018,13.9nM,(EZA)
6chh,2.30,2018,2.7uM,(F0P)
6chl,2.20,2018,9.0nM,(EXJ)
6chn,2.03,2018,11nM,(F1D)
6chp,1.94,2018,0.075nM,(F0Y)
6ckc,2.80,2018,6nM,(F5J)
6ckr,1.62,2018,0.05uM,(F5V)
6cks,1.72,2018,0.015uM,(F5Y)
6ckw,2.06,2018,0.83nM,(F6D)
6clv,2.30,2018,13.3uM,(6MB)
6cms,2.68,2018,1.5uM,(5OD)
6cnj,3.40,2018,7.7nM,(NCT)
6cnk,3.70,2018,17.0nM,(NCT)
6co4,NMR,2018,27nM,(18-mer)
6coj,1.40,2018,0.4uM,(F8G)
6cpw,1.85,2018,5.6nM,(F8V)
6cqt,2.27,2018,0.23nM,(_VX)
6cqz,2.22,2018,0.23nM,(_VX)
6csp,1.24,2018,3nM,(FBM)
6csq,2.03,2018,410nM,(F9P)
6csr,1.62,2018,144nM,(BHO)
6css,1.70,2018,25nM,(FBJ)
6ct7,1.90,2018,100nM,(11-mer)
6cus,NMR,2018,0.013mM,(IHP)
6cv8,NMR,2018,0.68mM,(I3P)
6cvd,1.78,2018,100uM,(4ME)
6cve,2.20,2018,0.16uM,(CTP)
6cvf,2.30,2018,0.45uM,(CDP)
6cvv,2.41,2018,75uM,(ATP)
6cw4,NMR,2018,1.50mM,(FGV)
6cwf,2.25,2018,29nM,(6LA)
6cwh,2.00,2018,29nM,(6LA)
6cwi,2.16,2018,29nM,(6LA)
6cwn,1.53,2018,226nM,(6LA)
6czb,2.40,2018,47uM,(UTP)
6czc,2.30,2018,16.5uM,(TTP)
6cze,2.30,2018,93uM,(ITT)
6czi,2.30,2018,0.56uM,(38E)
6d28,1.75,2018,200nM,(NEC)
6d50,2.50,2018,9uM,(GCB)
6d55,1.68,2018,0.044uM,(FWA)
6d56,1.68,2018,0.009uM,(FVM)
6d59,1.70,2018,0.10uM,(FVJ)
6d5e,1.75,2018,0.14uM,(FVG)
6d5g,1.92,2018,0.25uM,(FVD)
6d5h,1.80,2018,0.12uM,(FV7)
6d5j,1.75,2018,0.46uM,(FV4)
6d6t,3.80,2018,6.1nM,(FYP)
6d6u,3.80,2018,6.1nM,(FYP)
6df1,2.30,2018,0.277uM,(3-mer)
6df2,2.60,2018,57.2nM,(3-mer)
6dik,1.93,2018,8.47uM,(GKP)
6dk1,3.12,2018,22.5nM,(GM4)
6dkb,2.68,2018,0.7nM,(FKY)
6dkg,2.53,2018,2.6nM,(GO7)
6dki,2.11,2018,2.3nM,(GOD)
6dlx,1.85,2018,480uM,(GXY)
6dq4,1.39,2018,12uM,(K0I)
6dq5,1.89,2018,6.4uM,(H6G)
6dq6,1.59,2018,8.5uM,(H6J)
6dq8,1.46,2018,0.26uM,(H6S)
6drt,2.12,2018,10.7uM,(13-mer)
6drx,3.10,2018,0.58nM,(H8G)
6dub,1.20,2018,18uM,(6-mer)
6dxl,2.45,2018,1.6uM,(HG4)
6e2o,2.39,2018,2.9nM,(S0L)
6e49,2.90,2018,19uM,(17-mer)
6e4a,1.26,2018,44nM,(HRY)
6e4t,3.40,2018,8.96nM,(HTV)
6e4u,3.27,2018,13.6nM,(HU7)
6e4w,3.35,2018,197.8nM,(HUG)
6e59,3.40,2018,2.15nM,(L76)
6e83,NMR,2018,29uM,(12-mer)
6e86,NMR,2018,8.2uM,(8-mer)
6e8k,1.71,2018,0.91uM,(13-mer)
6e8m,1.61,2018,0.53uM,(13-mer)
6egs,2.70,2018,260uM,(UD2)
6ei5,2.20,2018,38.3nM,(B5Q)
6ekq,1.65,2018,3.5uM,(B0H)
6el5,1.67,2018,133nM,(PU1)
6eln,1.60,2018,900nM,(P4A)
6elo,1.80,2018,514nM,(BAW)
6elp,1.85,2018,236nM,(BA8)
6emu,2.30,2018,9.4uM,(SAM)
6eog,1.20,2018,1.60uM,(BKK)
6eol,1.50,2018,0.037uM,(BKH)
6epa,1.82,2018,1.13uM,(BNQ)
6epy,2.04,2018,0.347uM,(RAF)
6epz,1.80,2018,0.072uM,(MLB)
6eq1,2.10,2018,24.6uM,(STW)
6eq8,2.19,2018,0.010uM,(BQZ)
6er3,1.37,2018,0.57mM,(2-mer)
6er4,1.30,2018,1.70mM,(3-mer)
6et8,1.70,2018,5.6nM,(BWH)
6eu6,1.98,2018,41uM,(NH4)
6evm,2.00,2018,1500uM,(9-mer)
6evn,1.48,2018,19.7uM,(9-mer)
6evo,1.55,2018,6.8uM,(9-mer)
6evp,1.68,2018,29.2uM,(9-mer)
6evq,NMR,2018,10mM,(C05)
6ew6,1.39,2018,829uM,(C0H)
6eww,2.68,2017,9uM,(8-mer)
6exi,1.92,2018,9uM,(ADN)
6exj,1.80,2018,47uM,(7-mer)
6ey8,2.16,2018,1.55uM,(C4T)
6ey9,2.00,2018,1.24uM,(C4N)
6eya,2.10,2018,33nM,(C4K)
6eyb,1.90,2018,4.22uM,(C3Z)
6eyt,2.21,2018,1.9uM,(UDP)
6ezi,1.50,2018,4.9uM,(10-mer)
6f08,1.90,2018,4.06uM,(13-mer)
6f09,1.59,2018,1.07uM,(13-mer)
6f1j,1.25,2018,24uM,(EDG)
6f1n,2.09,2018,547nM,(C8W)
6f20,2.00,2018,49.5uM,(C9E)
6f4w,2.29,2018,2.95uM,(FMC)
6f4x,1.69,2018,10.7uM,(FMC)
6f55,NMR,2018,68.6uM,(15-mer)
6f5u,2.07,2018,0.29mM,(CQN)
6f5w,1.91,2018,149uM,(KG1)
6f6i,2.40,2018,0.65mM,(8PR)
6f6n,2.15,2018,0.95mM,(SRE)
6f6s,2.29,2018,1.30mM,(CXQ)
6f7t,2.60,2018,0.36nM,(12-mer)
6f8g,2.03,2018,65.5uM,(12-mer)
6f9g,2.39,2018,2uM,(PUT)
6fa2,2.60,2018,0.220uM,(D2W)
6fa3,1.82,2018,0.038uM,(D1Z)
6fa4,2.02,2018,0.051uM,(D1W)
6fa5,2.30,2018,179nM,(ADP)
6faa,1.97,2018,179nM,(ADP)
6fac,2.05,2018,179nM,(ADP)
6fam,1.13,2018,97.7uM,(2-mer)
6fap,2.70,2018,7.1mM,(D3H)
6fau,1.25,2018,3.6uM,(8-mer)
6fav,1.40,2018,4.7uM,(8-mer)
6faw,1.40,2018,2.7uM,(8-mer)
6fba,2.00,2018,19.9uM,(D48)
6fbv,3.50,2018,0.3uM,(FI8)
6fbw,1.45,2018,16.5uM,(8-mer)
6fby,1.50,2018,9.3uM,(8-mer)
6fc6,1.80,2018,5.6uM,(11-mer)
6fdp,NMR,2018,5.5uM,(9-mer)
6fdt,NMR,2018,50.5uM,(9-mer)
6fe0,1.91,2018,330nM,(V90)
6fe1,1.95,2018,3.3nM,(V14)
6fel,2.84,2018,0.4uM,(8-mer)
6fg6,2.40,2018,400uM,(D8Q)
6fgf,2.80,2018,110uM,(EN2)
6fgg,1.10,2018,17uM,(D9B)
6fhk,1.66,2018,31.15nM,(ADP)
6fhq,1.95,2018,3.4mM,(DE5)
6fhu,2.00,2018,2.3mM,(3-mer)
6fi1,2.70,2018,7.1mM,(D3H)
6fi4,2.00,2018,2.2uM,(8-mer)
6fi5,1.70,2018,3.0uM,(8-mer)
6fii,2.41,2018,9.5nM,(SG9)
6fjf,2.40,2018,6.8nM,(DKE)
6fjm,2.10,2018,576nM,(DKN)
6fkq,3.07,2018,10nM,(19-mer)
6fmc,.90,2018,1.32uM,(DUE)
6fmf,2.81,2018,1.32uM,(DUE)
6fmi,2.80,2018,9.4uM,(DV2)
6fmj,2.45,2018,0.76uM,(DV5)
6fmk,2.75,2018,21.6uM,(DV8)
6fnf,1.56,2018,13nM,(DXH)
6fng,1.04,2018,73nM,(DWT)
6fni,1.47,2018,6nM,(DXH)
6fnj,1.24,2018,142nM,(DWT)
6fnq,1.75,2018,26uM,(AVJ)
6fns,1.85,2018,93uM,(DY8)
6fo5,.95,2018,0.19uM,(DZH)
6fs0,2.25,2018,0.00017uM,(E4W)
6fs1,1.60,2018,0.098uM,(E4Q)
6fsd,2.70,2018,57uM,(E5H)
6fse,2.70,2018,18uM,(E5K)
6ftp,1.80,2018,1.5uM,(DM2)
6fty,1.67,2018,2000uM,(E7H)
6ftz,1.67,2018,1000uM,(E7E)
6fu4,2.45,2018,639nM,(HSM)
6fug,2.21,2018,50uM,(E85)
6fuh,1.37,2018,170uM,(E88)
6fui,1.38,2018,35uM,(E7W)
6fuj,2.25,2018,50uM,(E8B)
6fut,1.50,2018,20uM,(E82)
6fv4,1.97,2018,1.2mM,(16G)
6fx1,2.10,2018,105uM,(8-mer)
6fyz,2.15,2018,0.039uM,(EBE)
6g0q,1.40,2018,24.6uM,(11-mer)
6g0v,1.09,2018,166uM,(EGZ)
6g0z,2.15,2018,4.84uM,(GDP)
6g14,1.80,2018,3.26uM,(G4P)
6g15,1.65,2018,4.31uM,(C1Z)
6g33,2.05,2018,7nM,(5ID)
6g34,1.76,2018,5.7nM,(5ID)
6g35,1.55,2018,17.5nM,(EKK)
6g36,1.46,2018,16.3nM,(EKH)
6g37,1.48,2018,42.7nM,(FTU)
6g38,1.47,2018,239.2nM,(TBN)
6g39,1.45,2018,4.6nM,(5ID)
6g3a,1.43,2018,4.2nM,(5ID)
6g47,1.50,2018,6.60mM,(SIA)
6g6y,1.80,2018,220nM,(EOK)
6g6z,2.80,2018,220nM,(EOK)
6g84,2.47,2018,6.1uM,(16-mer)
6g85,1.53,2018,6.1uM,(16-mer)
6g86,1.74,2018,32.2uM,(16-mer)
6g98,2.47,2018,710nM,(ER5)
6g9b,2.26,2018,582uM,(IXX)
6g9i,2.19,2018,118uM,(CXX)
6g9u,1.75,2018,370nM,(ETK)
6gbe,NMR,2018,318uM,(12-mer)
6ge7,2.30,2018,0.867uM,(EW8)
6gf9,2.10,2018,0.411uM,(X90)
6gfs,2.00,2018,0.291uM,(F15)
6gfx,1.83,2018,12nM,(19-mer)
6gfy,2.70,2018,244nM,(EXH)
6gfz,2.30,2018,3080nM,(EXE)
6ggv,2.69,2018,29nM,(ARG)
6ghh,1.90,2018,0.193uM,(TDA)
6ghj,2.26,2018,6.89mM,(3-mer)
6ghp,1.95,2018,0.44nM,(EZ5)
6gji,1.60,2018,135uM,(F1E)
6gjj,1.38,2018,200uM,(L36)
6gjl,1.16,2018,139uM,(F1Q)
6gjm,1.35,2018,266uM,(L36)
6gjn,1.70,2018,0.6uM,(F0Q)
6gjr,1.69,2018,184uM,(F0W)
6gjy,1.29,2018,1000uM,(F1Z)
6gl8,1.40,2018,2.47nM,(F3Q)
6gl9,1.70,2018,135nM,(F3W)
6gla,1.92,2018,27nM,(F4B)
6glb,2.00,2018,129nM,(F48)
6gmq,2.76,2018,5.0mM,(F4K)
6gmx,2.53,2018,6.7mM,(F7B)
6gnm,2.24,2018,54.61uM,(27M)
6gnp,2.02,2018,28.41uM,(F4Z)
6gnr,1.40,2018,3.61uM,(6J3)
6gnw,1.75,2018,10.20uM,(F52)
6gon,1.65,2018,2.16uM,(8PF)
6goo,1.80,2018,2.16uM,(8PF)
6gr7,1.40,2018,3.19uM,(F52)
6grp,1.60,2018,3.34uM,(F4Z)
6gu2,2.00,2018,1600nM,(F9Z)
6gu3,2.65,2018,4400nM,(FB8)
6gu4,2.73,2018,20000nM,(FC8)
6gu6,2.33,2018,1810nM,(1QK)
6gu7,2.75,2018,1560nM,(FB8)
6gub,2.52,2018,23nM,(F9Z)
6guc,2.00,2018,25nM,(SU9)
6gue,1.99,2018,4nM,(FB8)
6guf,2.65,2018,224nM,(23D)
6guh,1.50,2018,26nM,(FB8)
6guk,1.30,2018,715nM,(FC8)
6gvz,1.54,2018,0.4uM,(CHO)
6gw1,1.90,2018,7.2uM,(CHO)
6gw4,2.30,2018,1.2uM,(CHO)
6gwr,2.07,2018,7.9nM,(FEW)
6gzd,2.28,2018,9.8nM,(LCI)
6gzh,3.17,2018,5.4nM,(LCI)
6gzl,1.95,2018,7.3uM,(17-mer)
6gzm,1.59,2018,5.5nM,(LCI)
6h0b,1.80,2018,70uM,(16-mer)
6h1u,1.68,2018,4.8uM,(ASP)
6h2t,1.67,2018,15.2uM,(GLU)
6h41,2.75,2018,90nM,(18-mer)
6h7b,1.89,2018,33nM,(14-mer)
6h7n,2.50,2018,3.5nM,(FVK)
6h7o,2.80,2018,0.14nM,(P32)
6h8s,1.77,2018,37.7uM,(FSZ)
6h96,1.55,2018,2.1nM,(FWE)
6hai,2.20,2018,11.6nM,(FWW)
6hd6,2.30,2018,2uM,(FYH)
6hke,2.11,2018,21nM,(MLT)
6hlx,1.65,2018,67nM,(G9Z)
6hly,1.40,2018,47nM,(G9Z)
6hlz,1.89,2018,47nM,(G9Z)
6hm2,1.74,2018,47nM,(G9Z)
6hm4,1.77,2018,2.12uM,(15-mer)
6hmg,1.27,2018,11.5uM,(2-mer)
6hoy,1.70,2018,33uM,(TSN)
6hpg,2.00,2018,3.17uM,(8-mer)
6hpw,1.90,2018,807nM,(GKT)
6hqy,2.50,2018,367nM,(GKW)
6hrq,1.85,2018,81.7nM,(GM5)
6hsh,1.55,2018,28.4nM,(GOK)
6ht1,2.10,2018,0.077uM,(GQ5)
6htg,1.94,2018,67nM,(T61)
6ma1,2.75,2018,0.008uM,(JA4)
6ma2,2.10,2018,4.1uM,(J9S)
6ma3,2.00,2018,0.005uM,(JAJ)
6ma4,2.00,2018,0.045uM,(JA7)
6ma5,2.00,2018,0.008uM,(J9V)
6mil,1.93,2018,3.9uM,(19-mer)
6mim,2.53,2018,2.0uM,(10-mer)
6min,1.90,2018,124uM,(8-mer)
6miq,1.75,2018,28uM,(8-mer)
6mj7,1.41,2018,1.5mM,(ARG)
6mjf,2.20,2018,6.88uM,(SAH)
6mnf,2.76,2018,1.3uM,(7-mer)
6msy,2.00,2018,0.1uM,(4-mer)
6mu3,2.33,2018,0.7uM,(4-mer)
6mub,2.50,2018,0.1uM,(5-mer)
6mv3,NMR,2018,470uM,(WW7)
6mwe,2.05,2018,0.63nM,(919)
6mxe,2.47,2018,55uM,(K5S)
6nao,3.23,2018,0.2uM,(8ZP)
6q3q,2.00,2018,35.2uM,(8-mer)
