pdbid,ligname,pKd,src,label
2jg8,SEP,6.301,select_2018,
2jgs,BTN,6.62,select_2018,
2oz2,D1R,5.714,select_2018,
2p3i,MNA,3.481,select_2018,
2p7a,43M,6.103,select_2018,
2p7g,2OH,6.527,select_2018,
2pqb,GG9,7.201,select_2018,
2pqc,RC1,5.745,select_2018,
2pym,1UN,6.824,select_2018,
2pyn,1UN,7.569,select_2018,
2q2n,H01,6.481,select_2018,
2q63,1UN,7.18,select_2018,
2q7y,IGC,4.301,select_2018,
2q88,4CS,5.796,select_2018,
2q89,6CS,6.301,select_2018,
2qbu,SAH,6.19,select_2018,
2qfo,A13,4.699,select_2018,
2qhm,7CS,6.18,select_2018,kinase
2qpu,QPU,3.602,select_2018,
2qry,TPS,8.638,select_2018,
2qtn,NCN,3.418,select_2018,
2qtr,NXX,5.495,select_2018,
2qv7,ADP,3.66,select_2018,
2r0h,CTO,3.509,select_2018,
2r1w,KDB,4.602,select_2018,
2r75,01G,6.146,select_2018,
2rcb,DSN,6.788,select_2018,
2rcn,GDP,6.0,select_2018,
2reg,CHT,5.638,select_2018,
2rfy,CBI,5.222,select_2018,
2rin,ACH,4.0,select_2018,
2rio,ADP,4.69,select_2018,
2rkn,LP3,7.222,select_2018,
2uyw,BTN,13.0,select_2018,
2uzj,E64,4.569,select_2018,
2v57,PRL,7.102,select_2018,
2v58,LZJ,9.086,select_2018,
2v59,LZK,7.745,select_2018,
2vc9,NOK,8.444,select_2018,
2vcb,OAN,5.26,select_2018,
2vfk,AMP,3.712,select_2018,
2vk2,GZL,6.886,select_2018,
2vmc,NGA,2.939,select_2018,
2vmd,MBG,3.022,select_2018,
2vmf,MVL,5.854,select_2018,
2vo4,4NM,4.936,select_2018,
2vpn,4CS,6.721,select_2018,
2vpo,6CS,5.42,select_2018,
2vrj,NCW,6.301,select_2018,
2vt3,ATP,4.155,select_2018,
2vuk,P83,3.903,select_2018,
2vvn,NHT,7.301,select_2018,
2vw5,BC6,8.523,select_2018,
2vwc,BC2,6.62,select_2018,
2vx9,RBF,7.444,select_2018,
2vxn,PGH,5.0,select_2018,
2vyt,MLZ,2.735,select_2018,
2vzr,GCU,4.279,select_2018,
2w08,TPO,3.42,select_2018,
2w47,UNF,4.979,select_2018,
2w4x,STZ,4.854,select_2018,
2w87,GCU,4.654,select_2018,
2w8j,PLS,2.959,select_2018,
2w8w,PLS,2.125,select_2018,
2w92,NGT,4.553,select_2018,
2w97,GOL,0.959,select_2018,
2w9h,TOP,6.367,select_2018,
2wc4,AMF,5.292,select_2018,
2we3,DUT,4.432,select_2018,
2weg,FBV,6.503,select_2018,
2weh,FB1,5.949,select_2018,
2wej,FB2,6.076,select_2018,
2weo,FBW,6.928,select_2018,
2weq,GDM,5.896,select_2018,
2wer,RDC,7.046,select_2018,
2wf5,BG6,6.0,select_2018,
2whp,HI6,4.0,select_2018,
2wic,GNP,5.387,select_2018,
2wig,TC3,3.432,select_2018,
2wij,TN7,3.201,select_2018,
2wik,TC5,3.18,select_2018,
2wjg,GDP,7.097,select_2018,
2wji,GNP,5.018,select_2018,
2wkt,COA,4.31,select_2018,
2wl4,COA,4.194,select_2018,
2wl5,COA,4.523,select_2018,
2wn9,ZY5,8.523,select_2018,
2wnc,TKT,6.32,select_2018,
2wnj,ZY7,6.481,select_2018,
2wor,2AN,3.903,select_2018,
2wos,6AN,3.903,select_2018,
2wq4,SFU,2.569,select_2018,
2wq5,MIY,3.745,select_2018,
2wuf,KEM,4.292,select_2018,
2wva,TPU,10.699,select_2018,
2wvt,FHN,6.122,select_2018,
2x00,GYN,11.328,select_2018,
2x4z,X4Z,8.569,select_2018,kinase
2xab,VHD,9.268,select_2018,
2xbp,ATP,5.018,select_2018,
2xbv,XBV,8.432,select_2018,
2xcg,XCG,8.046,select_2018,
2xde,1B0,5.466,select_2018,
2xdk,XDK,3.602,select_2018,
2xdl,2DL,3.102,select_2018,
2xdx,WOE,6.456,select_2018,
2xgs,44P,3.276,select_2018,
2xhr,C0P,8.319,select_2018,
2xht,C0Y,5.959,select_2018,
2xi7,XI7,5.143,select_2018,
2xib,DFU,7.259,select_2018,
2xii,TA9,7.199,select_2018,
2xj1,XJ1,7.553,select_2018,kinase
2xjg,XJG,7.824,select_2018,
2xjj,L81,6.509,select_2018,
2xjx,XJX,9.149,select_2018,
2xm1,LTM,5.071,select_2018,
2xn3,ID8,5.922,select_2018,
2xn5,FUN,6.688,select_2018,
2xp7,4F8,5.77,select_2018,
2xtn,GTP,7.398,select_2018,
2xuz,EB4,7.398,select_2018,
2xv1,ECA,5.987,select_2018,
2xxt,KAI,8.046,select_2018,
2xzc,XOP,5.638,select_2018,
2xzw,AKG,5.292,select_2018,
2y34,UN9,7.097,select_2018,
2y4k,GDP,5.456,select_2018,
2y4s,BCD,6.155,select_2018,
2y7k,SAL,4.928,select_2018,
2y7p,SAL,5.469,select_2018,
2y9g,LAT,3.77,select_2018,
2yay,DUP,6.097,select_2018,
2yaz,UMP,5.137,select_2018,
2yb0,DUR,3.854,select_2018,
2ydw,WSH,7.337,select_2018,
2yek,EAM,7.213,select_2018,
2yel,WSH,7.28,select_2018,
2yfa,LMR,5.071,select_2018,
2yga,GDM,4.611,select_2018,
2yge,GDM,5.064,select_2018,
2ygf,GDM,5.094,select_2018,
2yhw,BM3,5.602,select_2018,
2yhy,BM3,5.602,select_2018,
2yi0,YI0,8.125,select_2018,
2yi7,BZ8,8.319,select_2018,
2yim,MC4,3.921,select_2018,
2yix,YIX,8.481,select_2018,kinase
2yk1,NCT,8.131,select_2018,
2yki,YKI,9.456,select_2018,
2ymd,SRO,3.159,select_2018,
2yme,CWB,7.658,select_2018,
2z8e,MES,8.0,select_2018,
2z92,ENE,9.097,select_2018,
2z97,7HE,6.0,select_2018,
2zdk,50U,6.369,select_2018,
2zdl,45U,6.396,select_2018,
2zdm,46U,6.413,select_2018,
2zdn,49U,6.25,select_2018,
2zfs,12U,6.542,select_2018,
2zft,10U,6.523,select_2018,
2zhd,12U,6.542,select_2018,
2zif,SAM,4.367,select_2018,
2zkj,ADP,5.481,select_2018,
2zq1,11U,6.622,select_2018,
2zq2,13U,6.559,select_2018,
2zsc,BTN,7.06,select_2018,
2zwz,ZWZ,7.788,select_2018,
2zym,ACX,6.137,select_2018,
2zyn,BCD,5.921,select_2018,
3a1c,ACP,4.0,select_2018,
3a1d,ADP,4.125,select_2018,
3a1e,ACP,2.658,select_2018,
3a1s,GDP,4.83,select_2018,
3a1t,GDP,4.83,select_2018,
3a5y,KAA,7.959,select_2018,
3a6t,8OG,7.284,select_2018,
3a73,PJ2,3.377,select_2018,
3acl,3F1,6.222,select_2018,
3ad7,MTG,2.521,select_2018,
3ad8,PYC,3.161,select_2018,
3ads,IMN,5.012,select_2018,
3adv,SRO,3.03,select_2018,
3ao1,BZX,2.26,select_2018,
3ao2,AVX,3.77,select_2018,
3ao5,BBY,2.229,select_2018,
3ap4,LBT,3.921,select_2018,
3aqa,BYH,4.553,select_2018,
3arp,DEQ,7.155,select_2018,
3arq,DM5,6.398,select_2018,
3arr,PNX,5.398,select_2018,
3art,DEQ,4.432,select_2018,
3aru,PNX,3.222,select_2018,
3arv,SAU,5.638,select_2018,
3arw,CTI,6.155,select_2018,
3arx,POY,5.328,select_2018,
3ary,I5I,6.0,select_2018,
3arz,I5I,6.0,select_2018,
3as0,SAU,4.553,select_2018,
3atu,ADP,8.301,select_2018,
3atv,ADP,5.336,select_2018,
3axz,ADN,3.429,select_2018,
3ay9,ADP,8.342,select_2018,
3b24,B2J,4.377,select_2018,
3b25,B2K,6.066,select_2018,
3b26,B2L,6.638,select_2018,
3b27,B2T,5.161,select_2018,
3b28,B2X,8.469,select_2018,
3b2q,ATP,4.553,select_2018,
3b2t,M33,5.207,select_2018,kinase
3b4p,3B4,5.398,select_2018,
3b5j,12D,5.678,select_2018,
3b82,NAD,4.432,select_2018,
3bbf,GDP,5.284,select_2018,
3bex,PAU,5.569,select_2018,
3bf1,ADP,2.523,select_2018,
3bho,B4P,5.613,select_2018,
3bjm,BJM,8.301,select_2018,
3bra,AEF,2.699,select_2018,
3brn,SRO,8.699,select_2018,
3bu1,HSM,8.149,select_2018,
3buf,AEG,3.097,select_2018,
3buh,AED,3.658,select_2018,
3bva,2NC,6.523,select_2018,
3bwj,ARX,6.496,select_2018,
3bwk,C1P,3.943,select_2018,
3bxe,13P,5.476,select_2018,
3bxf,FBP,5.542,select_2018,
3bxg,BG6,4.959,select_2018,
3bxh,F6P,4.025,select_2018,
3c2f,PRP,1.996,select_2018,
3c2o,NTM,3.347,select_2018,
3c2r,PHT,3.108,select_2018,
3c39,3PG,3.963,select_2018,
3c4h,DRL,5.699,select_2018,
3c79,IM4,7.201,select_2018,
3c84,TH4,7.854,select_2018,
3c8e,GSH,4.155,select_2018,
3c9e,E64,8.0,select_2018,
3cct,3HI,7.562,select_2018,
3ccw,4HI,7.87,select_2018,
3ccz,5HI,7.287,select_2018,
3cd0,6HI,7.57,select_2018,
3cd5,7HI,7.896,select_2018,
3cda,8HI,7.58,select_2018,
3cdb,9HI,7.019,select_2018,
3cfn,2AN,5.0,select_2018,
3cft,5NS,4.194,select_2018,
3cj2,SX3,4.854,select_2018,
3cj4,SX5,6.509,select_2018,
3cj5,SX6,6.337,select_2018,
3ck7,ACX,4.051,select_2018,
3ck8,BCD,3.836,select_2018,
3ckb,MLR,2.983,select_2018,
3clp,CMP,3.688,select_2018,
3cow,52H,6.903,select_2018,
3coy,53H,6.018,select_2018,
3coz,54H,5.569,select_2018,
3cpj,GDP,4.724,select_2018,
3cr4,PNT,4.276,select_2018,
3cr5,PNT,4.194,select_2018,
3ctr,MGP,5.159,select_2018,
3cwk,REA,6.602,select_2018,
3cyu,0CR,7.222,select_2018,
3cyz,9OD,7.222,select_2018,
3cz1,NBB,7.26,select_2018,
3d0b,SNX,6.538,select_2018,
3d2e,ATP,6.42,select_2018,
3d2r,ADP,5.481,select_2018,
3d2t,1FL,7.125,select_2018,
3d4f,LN1,7.721,select_2018,
3d78,NBB,7.638,select_2018,
3d7k,D7K,4.602,select_2018,
3da9,44U,5.509,select_2018,
3dgl,ATP,6.602,select_2018,
3dkj,PRP,5.699,select_2018,
3dla,NXX,3.456,select_2018,
3dnt,ATP,4.745,select_2018,
3dp4,AMQ,7.367,select_2018,
3dp9,BIG,9.682,select_2018,
3dst,GRG,9.081,select_2018,
3dsu,FPP,7.027,select_2018,
3dsz,LIZ,7.767,select_2018,
3dzt,EAH,7.22,select_2018,
3e5u,3C4,5.854,select_2018,
3e6k,ABH,5.155,select_2018,
3e6v,ABH,6.833,select_2018,
3ebl,GA4,6.301,select_2018,
3ed0,EMO,6.347,select_2018,
3eeb,IHP,5.886,select_2018,
3efs,ATP,5.337,select_2018,
3ekq,ROC,6.754,select_2018,
3eks,CY9,5.699,select_2018,
3ekw,DR7,7.963,select_2018,
3ekx,1UN,9.409,select_2018,
3eky,DR7,9.638,select_2018,
3el0,1UN,7.467,select_2018,
3el1,DR7,9.638,select_2018,
3el4,ROC,7.171,select_2018,
3el5,1UN,7.724,select_2018,
3el9,DR7,8.398,select_2018,
3ern,CAR,1.723,select_2018,
3evc,GTP,6.907,select_2018,
3evd,GTP,6.907,select_2018,
3ew2,BTN,6.668,select_2018,
3exe,TPP,6.959,select_2018,
3exh,TPP,4.883,select_2018,
3f15,HS1,8.103,select_2018,
3f16,HS3,8.228,select_2018,
3f17,HS4,8.627,select_2018,
3f18,HS5,7.403,select_2018,
3f19,HS6,7.186,select_2018,
3f1a,HS7,7.214,select_2018,
3f33,PFL,3.337,select_2018,
3f34,DIE,3.161,select_2018,
3f35,DIE,3.161,select_2018,
3f36,IP0,2.886,select_2018,
3f37,2MY,2.62,select_2018,
3f38,2MY,2.62,select_2018,
3f39,IPH,1.783,select_2018,
3f6e,8PA,2.383,select_2018,
3f70,MLZ,4.854,select_2018,
3f78,ICF,3.097,select_2018,
3f80,6HN,4.222,select_2018,
3f8c,HT1,7.678,select_2018,
3f8f,DM1,6.627,select_2018,
3fat,AMQ,7.642,select_2018,
3feg,HC7,4.347,select_2018,
3fgc,FMN,3.921,select_2018,
3fh7,25P,7.602,select_2018,
3fhb,GAB,5.699,select_2018,
3fj7,PEQ,3.71,select_2018,
3fjg,3PG,3.728,select_2018,
3fql,79Z,7.149,select_2018,
3fsj,D7K,3.947,select_2018,
3fsm,2NC,7.0,select_2018,
3fw4,CAQ,9.398,select_2018,
3fzn,D7K,4.013,select_2018,
3fzy,IHP,6.745,select_2018,
3g08,FEE,8.165,select_2018,
3g0e,B49,7.699,select_2018,kinase
3g15,HC6,7.0,select_2018,
3g3r,ANP,6.481,select_2018,
3g5d,1N1,7.959,select_2018,
3ga5,RGG,5.495,select_2018,
3gcp,SB2,7.824,select_2018,kinase
3gcq,1BU,6.466,select_2018,kinase
3gcs,BAX,7.252,select_2018,kinase
3gcu,R48,6.783,select_2018,kinase
3gcv,SS6,7.131,select_2018,kinase
3gf2,SAL,1.699,select_2018,
3gk1,32A,4.097,select_2018,
3gk2,27A,2.699,select_2018,
3gk4,53A,3.921,select_2018,
3gkz,B40,8.0,select_2018,
3gm0,B41,7.77,select_2018,
3gnw,XNC,9.102,select_2018,
3gp0,NIL,7.444,select_2018,kinase
3gpe,PT5,5.745,select_2018,
3gpo,APR,5.301,select_2018,
3gus,N11,6.046,select_2018,
3guz,PAF,4.377,select_2018,
3gvu,STI,8.0,select_2018,kinase
3gx0,GDS,3.481,select_2018,
3gy2,BRN,5.745,select_2018,
3gy3,PNT,5.627,select_2018,
3gy4,PBZ,5.097,select_2018,
3gy7,BEN,4.523,select_2018,
3h1x,IMN,5.886,select_2018,
3h78,BE2,4.244,select_2018,
3hau,2NC,6.377,select_2018,
3haw,2NC,5.996,select_2018,
3hbo,2NC,5.086,select_2018,
3hcm,S45,3.301,select_2018,
3hdk,2NC,4.757,select_2018,
3heg,BAX,6.745,select_2018,kinase
3hjo,EAA,6.523,select_2018,
3hkw,IX6,8.638,select_2018,
3hky,IX6,7.097,select_2018,
3hlo,2NC,6.215,select_2018,
3hmo,STU,7.516,select_2018,kinase
3hmp,CX4,5.489,select_2018,kinase
3hqr,OGA,5.523,select_2018,
3hrf,P47,4.987,select_2018,kinase
3hu3,AGS,6.886,select_2018,
3huc,G97,5.987,select_2018,kinase
3hv7,1AU,7.921,select_2018,kinase
3hv8,C2E,6.982,select_2018,
3hww,AKG,7.125,select_2018,
3hx3,RET,8.0,select_2018,
3hxi,GTG,6.328,select_2018,
3hzm,KDO,5.523,select_2018,
3i73,ADP,5.491,select_2018,
3i8t,LBT,3.222,select_2018,
3i9g,S1P,8.959,select_2018,
3iaw,2NC,5.804,select_2018,
3ie3,N11,6.678,select_2018,
3ies,M24,9.921,select_2018,
3if7,SPU,7.215,select_2018,
3ijg,AVR,4.268,select_2018,
3ijh,KO2,4.0,select_2018,
3ilq,1O2,5.208,select_2018,
3imc,BZ3,2.959,select_2018,
3ime,BZ2,3.0,select_2018,
3img,BZ3,2.959,select_2018,
3iob,A4D,3.42,select_2018,
3iod,A6D,4.097,select_2018,
3ioe,A7D,3.268,select_2018,
3ip9,ABU,5.62,select_2018,
3isj,A8D,3.678,select_2018,
3iub,FG2,4.538,select_2018,
3iuc,ADP,5.664,select_2018,
3iue,FG3,5.824,select_2018,
3ivc,FG4,4.125,select_2018,
3ivg,FG5,4.301,select_2018,
3ivx,FG6,5.745,select_2018,
3iw6,PP0,5.483,select_2018,kinase
3iw7,IPK,5.638,select_2018,kinase
3iw8,HIZ,4.873,select_2018,kinase
3jrs,A8S,4.284,select_2018,
3juk,UPG,4.889,select_2018,
3juo,AJD,5.068,select_2018,
3jup,AKD,5.58,select_2018,
3jvs,AGY,6.538,select_2018,kinase
3jyr,ACR,5.538,select_2018,
3jzj,ACR,3.606,select_2018,
3k00,MTT,5.77,select_2018,
3k02,TXT,5.0,select_2018,
3k1j,ADP,6.398,select_2018,
3k41,M6D,0.824,select_2018,
3k54,1N1,9.0,select_2018,kinase
3k5i,AIR,4.699,select_2018,
3k5k,DXQ,7.638,select_2018,
3k5v,STJ,6.301,select_2018,kinase
3k8d,KDO,5.77,select_2018,
3ka2,2NC,6.62,select_2018,
3kdc,JZP,9.284,select_2018,
3kdd,JZQ,8.462,select_2018,
3kdm,TES,7.0,select_2018,
3kgt,GEN,5.509,select_2018,
3kgu,GEN,5.921,select_2018,
3kjd,78P,8.538,select_2018,
3kmx,G00,4.824,select_2018,
3kmy,D8Y,4.495,select_2018,
3kpu,ES1,3.161,select_2018,
3kpv,ADE,3.745,select_2018,
3kpw,1SQ,4.854,select_2018,
3kqm,ES3,3.77,select_2018,
3kqo,ES4,3.854,select_2018,
3kqp,ES5,3.42,select_2018,
3kqr,OPE,4.434,select_2018,
3kqs,AX7,5.201,select_2018,
3kqt,ES7,5.337,select_2018,
3kqw,ES9,4.013,select_2018,
3kqy,ES0,4.824,select_2018,
3kr1,VGD,5.745,select_2018,
3kr2,ET2,5.143,select_2018,
3kr8,XAV,8.097,select_2018,
3kv2,NNH,7.323,select_2018,
3kyf,5GP,6.783,select_2018,
3kyg,5GP,7.465,select_2018,
3kyq,DPV,4.222,select_2018,
3l1n,PLM,5.631,select_2018,
3l59,BDJ,3.699,select_2018,
3l5b,BDO,3.91,select_2018,
3l6h,BET,5.398,select_2018,
3l8s,BFF,7.004,select_2018,kinase
3l8x,N4D,8.0,select_2018,kinase
3lbz,Z89,3.86,select_2018,
3lcu,SAH,3.523,select_2018,
3lcv,SAM,4.745,select_2018,
3ldp,3P1,5.618,select_2018,
3le8,2B5,6.066,select_2018,
3lf0,ATP,5.714,select_2018,
3lgs,SAH,4.606,select_2018,
3ljj,10U,6.523,select_2018,
3ljo,11U,6.622,select_2018,
3lk0,Z80,3.157,select_2018,
3lk8,Z79,7.706,select_2018,
3lka,M4S,2.824,select_2018,
3lle,SGE,4.971,select_2018,
3lm1,LEC,4.699,select_2018,
3lp7,HAR,5.444,select_2018,
3lpl,TDP,5.622,select_2018,
3lq2,TDP,5.224,select_2018,
3lq4,TDP,5.224,select_2018,
3lxk,MI1,9.796,select_2018,kinase
3lxo,T3P,4.824,select_2018,
3m3r,BCD,6.319,select_2018,
3m3x,JS7,6.824,select_2018,
3m40,J45,6.77,select_2018,
3m5e,JDR,7.367,select_2018,
3m67,E36,6.745,select_2018,
3m6p,BB2,8.347,select_2018,
3m6q,BB2,7.319,select_2018,
3m6r,BB2,7.495,select_2018,
3m89,GSP,6.161,select_2018,
3m8u,GDS,4.889,select_2018,
3m94,M7M,5.076,select_2018,
3m96,E38,7.222,select_2018,
3mam,BET,4.119,select_2018,
3mf5,HJZ,5.365,select_2018,
3mhi,J90,6.699,select_2018,
3mhl,J71,7.252,select_2018,
3mhm,J75,7.0,select_2018,
3mho,J43,6.495,select_2018,
3miy,B49,7.678,select_2018,kinase
3mmr,ABH,4.959,select_2018,
3mo2,E67,6.613,select_2018,
3mo5,E72,6.866,select_2018,
3ms9,MS9,5.222,select_2018,kinase
3mss,MS7,4.658,select_2018,kinase
3muf,S3P,6.495,select_2018,
3mxf,JQ1,7.31,select_2018,
3myg,EML,10.699,select_2018,kinase
3myq,E27,7.523,select_2018,
3n1c,F6P,5.222,select_2018,
3n35,A2G,3.366,select_2018,
3n6k,BFH,6.745,select_2018,
3n75,G4P,7.893,select_2018,
3n7h,DE3,4.504,select_2018,
3n7s,3N6,7.699,select_2018,
3n8k,D1X,4.046,select_2018,
3n9s,TD4,5.26,select_2018,
3ncq,ATP,5.357,select_2018,
3ncr,ADP,4.111,select_2018,
3nee,B72,5.337,select_2018,
3neo,G24,5.921,select_2018,
3nes,B72,5.62,select_2018,
3nex,G24,6.0,select_2018,
3nhi,EAH,8.432,select_2018,
3nht,U46,7.009,select_2018,
3njq,NJQ,4.886,select_2018,
3nkk,JLZ,4.699,select_2018,
3nm6,TRS,1.347,select_2018,
3npc,B96,8.337,select_2018,kinase
3nq3,DKA,3.777,select_2018,
3nq9,OCA,4.033,select_2018,
3nrz,HPA,5.337,select_2018,
3nx7,NHK,8.103,select_2018,
3o4k,LTC,7.62,select_2018,
3o56,ZG1,9.1,select_2018,
3o75,F1X,6.68,select_2018,
3o84,HTJ,7.237,select_2018,
3o8p,BMU,6.456,select_2018,kinase
3o9p,MHI,6.523,select_2018,
3ocp,CMP,7.569,select_2018,
3oj8,OJ8,8.357,select_2018,
3oka,GDD,4.721,select_2018,
3okc,GDP,4.438,select_2018,
3okp,GDD,4.721,select_2018,
3oob,KDH,4.666,select_2018,
3otf,CMP,6.081,select_2018,
3ouj,AKG,6.046,select_2018,
3ovn,MPV,2.553,select_2018,
3ozj,BGV,5.114,select_2018,
3p2e,SAH,6.222,select_2018,
3p2h,NOO,5.444,select_2018,
3p3r,3M1,7.251,select_2018,
3p3s,3M2,7.585,select_2018,
3p3t,3M3,7.237,select_2018,
3p5o,EAM,7.258,select_2018,
3p7i,P7I,7.701,select_2018,
3p8e,LN7,5.155,select_2018,
3p9t,TCL,6.201,select_2018,
3pb3,SAH,6.222,select_2018,
3pcu,LX8,5.294,select_2018,
3pd2,A3S,5.469,select_2018,
3pd3,A3T,4.441,select_2018,
3pd4,A3G,4.479,select_2018,
3pgu,OLA,6.699,select_2018,
3pma,SCR,5.398,select_2018,
3po1,MKY,4.022,select_2018,
3ppp,BET,5.222,select_2018,
3ppq,CHT,4.553,select_2018,
3ppr,4CS,2.824,select_2018,
3pty,AFO,5.438,select_2018,
3pxf,2AN,4.432,select_2018,kinase
3pxq,2AN,4.432,select_2018,kinase
3pyy,3YY,6.863,select_2018,kinase
3q6w,Q6W,7.569,select_2018,kinase
3q6z,APR,3.717,select_2018,
3q71,AR6,5.222,select_2018,
3q72,GNP,5.803,select_2018,
3q7q,GNP,5.647,select_2018,
3q8h,AO9,4.155,select_2018,
3qbc,B55,4.967,select_2018,
3qin,P1Y,6.866,select_2018,
3qio,QID,6.842,select_2018,
3qip,P4Y,6.889,select_2018,
3qkd,HI0,8.377,select_2018,
3qnd,SIA,4.854,select_2018,
3qps,CHD,5.602,select_2018,
3qqa,TCH,5.824,select_2018,
3qt7,FM0,7.31,select_2018,
3qx8,GTG,2.863,select_2018,
3qx9,ATP,4.046,select_2018,
3qxc,ATP,5.77,select_2018,
3qxh,ADP,5.237,select_2018,
3qxt,MTX,5.222,select_2018,
3qyy,C2E,5.083,select_2018,
3r0y,RSZ,4.838,select_2018,
3r1v,AZB,6.921,select_2018,
3r24,SAM,5.253,select_2018,
3r5n,MLO,5.777,select_2018,
3r5t,VBN,8.577,select_2018,
3r6u,CHT,4.516,select_2018,
3r7o,M61,8.357,select_2018,kinase
3r8i,XCX,5.347,select_2018,
3rdo,BTN,9.854,select_2018,
3rdq,DTB,9.31,select_2018,
3re4,TO1,7.398,select_2018,
3ri1,3RH,5.301,select_2018,kinase
3rlb,VIB,9.921,select_2018,
3rlp,3RP,7.076,select_2018,
3rm4,3RM,5.772,select_2018,
3rsr,N5P,4.357,select_2018,
3rsx,RSV,4.411,select_2018,
3rt4,LP5,8.796,select_2018,
3ru1,3RU,4.848,select_2018,
3rux,BS5,9.276,select_2018,
3rw9,DSH,5.959,select_2018,
3ry8,FLC,3.337,select_2018,
3ryj,RYJ,7.796,select_2018,
3ryv,RYV,7.066,select_2018,
3ryx,RYX,8.137,select_2018,
3ryy,RYY,7.42,select_2018,
3ryz,RYZ,8.62,select_2018,
3rz0,RZ0,7.553,select_2018,
3rz1,RZ1,8.745,select_2018,
3rz5,RZ5,7.886,select_2018,
3rz7,RZ7,8.959,select_2018,
3rz8,RZ8,8.174,select_2018,
3s0b,FNA,6.495,select_2018,
3s0d,CTV,7.046,select_2018,
3s0e,EOL,6.553,select_2018,
3s71,EVD,8.638,select_2018,
3s72,EVE,6.398,select_2018,
3s73,EVF,8.699,select_2018,
3s74,03T,8.398,select_2018,
3s75,EVG,6.824,select_2018,
3s76,EVH,5.046,select_2018,
3s77,EVI,7.215,select_2018,
3s78,EVJ,6.469,select_2018,
3s7b,NH5,6.301,select_2018,
3s8x,E59,7.301,select_2018,
3s9t,E49,6.824,select_2018,
3sap,E2I,7.585,select_2018,
3sax,E50,6.569,select_2018,
3sbh,E65,7.284,select_2018,
3sbi,E90,7.921,select_2018,
3sfg,2TU,6.063,select_2018,
3sjt,5AB,6.056,select_2018,
3sk2,GRI,3.613,select_2018,
3skk,4U7,4.469,select_2018,
3sl1,FB6,3.585,select_2018,
3smq,TDU,5.022,select_2018,
3t0w,DIW,7.301,select_2018,
3t0x,DIW,8.0,select_2018,
3t1l,MQT,3.26,select_2018,
3t1m,DQT,3.041,select_2018,
3t2c,13P,4.602,select_2018,
3t2w,BTN,7.456,select_2018,
3t4n,ADP,4.143,select_2018,
3ta0,ATP,3.471,select_2018,
3ta1,ADP,3.246,select_2018,
3tao,PGH,5.138,select_2018,
3tay,MN0,3.377,select_2018,
3tb6,ARB,5.076,select_2018,
3tc5,3T5,5.167,select_2018,
3tct,3MI,8.523,select_2018,
3td4,API,5.658,select_2018,
3tdh,AMP,4.26,select_2018,
3tdj,3TJ,5.252,select_2018,
3tf6,DBH,6.398,select_2018,
3tif,ADP,5.377,select_2018,
3tsk,QEG,7.174,select_2018,
3ttm,PUT,8.523,select_2018,
3ttn,SPD,7.845,select_2018,
3tz4,03H,5.495,select_2018,
3u10,CMP,5.444,select_2018,
3u15,03M,7.108,select_2018,
3u5j,08H,5.609,select_2018,
3u5l,08K,6.194,select_2018,
3u6w,KIV,6.921,select_2018,
3u90,SDS,4.62,select_2018,
3ubd,SL0,5.538,select_2018,kinase
3udd,34M,7.102,select_2018,
3udv,J1C,5.593,select_2018,
3ueu,DAO,5.236,select_2018,
3uev,MYR,5.889,select_2018,
3uew,PLM,6.31,select_2018,
3uex,STE,6.921,select_2018,
3uil,DAO,6.0,select_2018,
3ujb,SAH,5.102,select_2018,
3umq,BUA,4.618,select_2018,
3uo4,0C0,6.524,select_2018,kinase
3up2,0C8,7.398,select_2018,kinase
3upk,UD1,4.301,select_2018,
3usx,MYR,5.021,select_2018,
3uug,BDP,4.509,select_2018,
3uvq,FS8,7.77,select_2018,kinase
3v2n,MYR,6.097,select_2018,
3v2p,STE,6.357,select_2018,
3v2q,PLM,6.292,select_2018,
3v3l,V3L,6.432,select_2018,
3v3q,TMY,6.602,select_2018,
3vha,VHA,7.398,select_2018,
3vhc,VHC,8.886,select_2018,
3vhd,VHE,9.284,select_2018,
3vjc,ZGA,7.724,select_2018,
3vje,ZGA,8.013,select_2018,
3vw1,CVI,4.674,select_2018,
3vw2,BER,4.747,select_2018,
3vws,VWS,3.648,select_2018,
3vx3,ADP,7.824,select_2018,
3w07,U5P,3.377,select_2018,
3w5n,RAM,3.87,select_2018,
3w9k,MYR,6.319,select_2018,
3w9r,A8S,6.18,select_2018,
3wb4,0B3,4.437,select_2018,
3wgg,8NA,4.399,select_2018,
3wha,WHA,9.319,select_2018,
3wqm,B29,6.252,select_2018,
3wtj,TH4,6.527,select_2018,
3wtl,N1Y,7.036,select_2018,
3wtm,N1Y,7.0,select_2018,
3wtn,N2Y,7.041,select_2018,
3wto,N2Y,6.924,select_2018,
3wvm,STE,5.71,select_2018,
3wzn,BTN,7.0,select_2018,
3wzp,ZOF,6.824,select_2018,
3wzq,ZOF,6.229,select_2018,
3x00,ZOF,9.081,select_2018,
3zcw,4A2,6.187,select_2018,
3zhx,FM6,6.678,select_2018,
3zhz,FM7,7.046,select_2018,
3zi0,FM8,7.398,select_2018,
3zi8,FU4,5.658,select_2018,
3zk6,H1I,6.337,select_2018,
3zll,4WF,6.403,select_2018,
3zln,H0Y,8.469,select_2018,
3zlr,X0B,9.26,select_2018,
3zm9,QMQ,7.42,select_2018,
3zos,0LI,8.886,select_2018,kinase
3zp9,9TH,7.824,select_2018,
3zqe,DXC,4.229,select_2018,
3zso,O2N,5.119,select_2018,
3zsq,O4N,4.963,select_2018,
3zsx,N44,3.285,select_2018,
3zsy,OM3,3.225,select_2018,
3zt2,ZT2,2.843,select_2018,
3zt3,ZT4,2.862,select_2018,
3zt4,ZT2,2.804,select_2018,
3zxe,PGZ,3.347,select_2018,
3zy2,GDP,6.456,select_2018,
3zy5,GFB,6.638,select_2018,
3zyh,G0S,4.288,select_2018,
3zyu,1GH,7.0,select_2018,
4a4v,YFD,6.542,select_2018,
4a4w,YFB,7.721,select_2018,
4a6s,GS9,5.201,select_2018,
4ab8,VXU,3.866,select_2018,
4ab9,VXQ,3.332,select_2018,
4aba,SW1,3.815,select_2018,
4abb,K9S,4.509,select_2018,
4abd,SW2,4.398,select_2018,
4abg,91B,3.567,select_2018,
4abh,7Z3,4.149,select_2018,
4abk,AR6,5.721,select_2018,
4aci,CIT,2.222,select_2018,
4ad6,GSY,4.777,select_2018,
4agl,P84,3.648,select_2018,
4agm,P86,3.979,select_2018,
4agn,NXG,3.971,select_2018,
4ago,P74,4.81,select_2018,
4agp,P51,4.686,select_2018,
4agq,P96,5.013,select_2018,
4ah9,0MB,2.456,select_2018,
4ahr,I2E,2.187,select_2018,
4ahs,AKH,2.194,select_2018,
4ahu,ICO,2.268,select_2018,
4ahv,Z5P,1.824,select_2018,
4ai5,ADK,2.921,select_2018,
4aia,ADK,3.658,select_2018,
4aj1,AJ1,3.114,select_2018,
4aj2,52C,2.377,select_2018,
4aj4,VAB,3.886,select_2018,
4aje,2B4,3.678,select_2018,
4aji,88R,3.553,select_2018,
4ajk,88S,3.114,select_2018,
4ajl,88W,3.796,select_2018,
4ajn,88V,7.161,select_2018,
4ajo,88N,7.032,select_2018,
4al4,W7E,6.886,select_2018,
4aq4,G3P,6.167,select_2018,
4aq6,OMD,4.801,select_2018,
4aqh,TB7,6.538,select_2018,
4arb,C57,5.886,select_2018,
4arw,HNR,7.131,select_2018,
4asj,N6A,7.553,select_2018,
4att,HNV,6.98,select_2018,
4au7,SAH,4.764,select_2018,
4auj,HNW,7.738,select_2018,
4auy,HNW,7.738,select_2018,
4av0,HNV,6.98,select_2018,
4av4,FVQ,7.025,select_2018,
4av5,FYZ,7.215,select_2018,
4avh,FK9,7.225,select_2018,
4avi,XNS,7.627,select_2018,
4avj,J73,7.438,select_2018,
4avs,N7P,3.492,select_2018,
4axd,ANP,4.432,select_2018,
4ayp,SMD,6.122,select_2018,
4ayq,MVL,7.328,select_2018,
4ayr,IFL,7.004,select_2018,
4ayu,N8P,4.73,select_2018,
4az5,NGW,5.991,select_2018,
4azb,OAN,7.239,select_2018,
4azc,NGW,5.86,select_2018,
4azg,OAN,7.102,select_2018,
4azi,OAN,7.449,select_2018,
4b0b,54F,3.328,select_2018,
4b1j,A1R,7.301,select_2018,
4b2i,LZ1,3.0,select_2018,
4b2l,TR7,3.244,select_2018,
4b32,03V,3.337,select_2018,
4b33,1NP,3.367,select_2018,
4b34,ABV,3.137,select_2018,
4b35,4ME,2.886,select_2018,
4b3c,5H1,2.678,select_2018,
4b3d,5MI,2.678,select_2018,
4b5s,PYR,3.495,select_2018,
4b5t,2KT,3.328,select_2018,
4b5w,PYR,3.328,select_2018,
4b74,1LH,7.658,select_2018,
4b76,PW1,4.538,select_2018,
4b7p,9UN,9.461,select_2018,
4bb9,F1P,6.0,select_2018,
4bcq,TJF,6.833,select_2018,kinase
4bcs,BTN,6.987,select_2018,
4bi6,PGA,3.946,select_2018,
4bi7,PGA,4.578,select_2018,
4bj8,BTN,8.29,select_2018,
4bkj,STI,8.721,select_2018,kinase
4bks,X6C,3.824,select_2018,
4bkt,QD0,3.62,select_2018,
4bqg,50Q,6.222,select_2018,
4bqh,9VU,5.588,select_2018,
4br3,U85,5.721,select_2018,
4btk,DTQ,6.62,select_2018,kinase
4bup,SAM,4.951,select_2018,
4buq,KGM,8.137,select_2018,
4c0r,GDS,4.914,select_2018,
4c1m,NIH,7.801,select_2018,
4c1w,SLT,9.409,select_2018,
4c1y,MFB,3.6,select_2018,
4c52,X0D,5.678,select_2018,
4c5d,X0R,5.398,select_2018,
4c6u,TLG,4.592,select_2018,
4c73,TLH,4.917,select_2018,
4c9w,VGH,6.107,select_2018,
4c9x,VHS,7.319,select_2018,
4cc5,L5V,4.42,select_2018,
4ce1,7FK,4.379,select_2018,
4ce2,BO5,3.842,select_2018,
4ce3,L4V,3.959,select_2018,
4ceb,ZSV,2.967,select_2018,
4cfl,8DQ,5.876,select_2018,
4cg8,G8S,6.959,select_2018,
4cg9,GQG,6.208,select_2018,
4cga,QLW,6.398,select_2018,
4cgi,NZL,3.124,select_2018,
4cgj,NZL,2.836,select_2018,
4cig,X0P,3.67,select_2018,
4cj4,S3G,3.365,select_2018,
4cjn,QNZ,4.756,select_2018,
4cjp,4D2,3.318,select_2018,
4cjq,VXO,3.592,select_2018,
4cjr,FYM,3.101,select_2018,
4ck3,K1T,3.572,select_2018,
4cki,ADN,5.959,select_2018,kinase
4ckj,ADN,4.845,select_2018,kinase
4cl6,7SB,5.393,select_2018,
4clp,CMP,1.266,select_2018,
4cp5,EOI,3.345,select_2018,
4crj,YH5,5.959,select_2018,
4crl,C1I,9.71,select_2018,kinase
4cs9,AMP,2.097,select_2018,
4csd,MFU,5.91,select_2018,
4css,CWX,8.456,select_2018,
4cst,CWK,8.886,select_2018,
4cu1,71S,4.712,select_2018,
4cu7,GIF,7.585,select_2018,
4cwb,X6L,6.092,select_2018,
4d1j,DGJ,6.314,select_2018,
4d3h,2BA,6.432,select_2018,
4d52,GIV,3.111,select_2018,
4d7b,TCW,7.678,select_2018,
4d8z,0J2,6.292,select_2018,
4dbm,0J0,7.62,select_2018,
4dcs,GDP,5.097,select_2018,
4dcx,L2D,4.503,select_2018,
4dcy,L2M,4.52,select_2018,
4ddh,MS0,3.301,select_2018,
4ddk,0HN,2.292,select_2018,
4ddm,0HO,2.456,select_2018,
4de5,0JD,3.155,select_2018,
4del,PGH,7.676,select_2018,
4der,AGI,6.31,select_2018,
4des,57D,5.854,select_2018,
4det,KMP,5.678,select_2018,
4deu,NAR,5.64,select_2018,
4dew,LU2,7.0,select_2018,
4dko,0LM,6.523,select_2018,
4dkp,0LL,5.721,select_2018,
4dkq,0LK,6.602,select_2018,
4dkr,0LJ,6.523,select_2018,
4dli,IRG,5.62,select_2018,kinase
4dn0,C2E,5.721,select_2018,
4dru,0LN,8.62,select_2018,
4dst,9LI,2.959,select_2018,
4dsu,BZI,2.824,select_2018,
4duh,RLI,5.18,select_2018,
4dve,BTN,9.523,select_2018,
4dy6,A22,4.398,select_2018,
4dzy,WJ1,5.62,select_2018,
4e1k,0N5,6.301,select_2018,
4e6c,0O8,4.824,select_2018,kinase
4ear,IM5,9.821,select_2018,
4ede,RET,7.377,select_2018,
4eej,RET,7.155,select_2018,
4ef4,C2E,5.355,select_2018,
4ef6,I2E,2.921,select_2018,
4efg,RET,7.26,select_2018,
4efk,0OC,2.495,select_2018,
4egk,RDC,7.721,select_2018,
4ej8,1F1,5.387,select_2018,
4ejl,IOP,5.143,select_2018,
4emf,M7G,7.076,select_2018,
4emr,MGP,7.493,select_2018,
4eo6,0S2,8.699,select_2018,
4eo8,0S3,8.155,select_2018,
4epy,0QY,3.469,select_2018,
4erf,0R3,9.398,select_2018,
4etz,C2E,6.301,select_2018,
4eu0,C2E,6.398,select_2018,
4euo,ABU,5.046,select_2018,
4euv,C2E,6.301,select_2018,
4ewn,0VR,6.699,select_2018,
4exz,RET,7.538,select_2018,
4f0c,GDS,6.268,select_2018,
4f1l,0RY,5.119,select_2018,
4f3i,0S6,7.442,select_2018,
4f5y,C2E,5.432,select_2018,
4f6u,0SR,6.155,select_2018,kinase
4f6w,0SS,7.523,select_2018,kinase
4f7v,J1D,5.381,select_2018,
4f8j,HC4,5.066,select_2018,
4f9y,LM3,6.735,select_2018,kinase
4fak,SAM,4.284,select_2018,
4fcq,2N6,6.996,select_2018,
4fcr,0TM,9.398,select_2018,
4fe9,MTT,3.004,select_2018,
4ffs,BIG,10.444,select_2018,
4fht,DHB,6.174,select_2018,
4fil,0UE,7.469,select_2018,
4fk7,P34,5.237,select_2018,
4fl1,ANP,3.284,select_2018,kinase
4fl2,ANP,3.658,select_2018,kinase
4fl3,ANP,3.824,select_2018,kinase
4flp,JQ1,6.721,select_2018,
4fm7,0UP,7.244,select_2018,
4fm8,0UQ,5.975,select_2018,
4fmu,0UM,6.444,select_2018,
4fnn,STE,7.565,select_2018,
4fqo,AZ3,5.161,select_2018,
4fut,ATP,6.509,select_2018,
4fvq,ATP,6.0,select_2018,kinase
4fvr,ATP,6.0,select_2018,kinase
4fxp,ADX,4.095,select_2018,
4fxq,G9L,5.77,select_2018,
4fzj,0W1,3.155,select_2018,
4g0p,U5P,3.009,select_2018,
4g0q,C5P,2.523,select_2018,
4g0y,AMP,2.302,select_2018,
4g0z,5GP,2.213,select_2018,
4g2r,H1L,4.446,select_2018,
4g5f,0JD,3.046,select_2018,
4g5y,0OC,2.77,select_2018,
4g8m,G8M,7.893,select_2018,
4g8n,G8M,7.201,select_2018,
4g8r,96P,7.658,select_2018,
4gah,0ET,6.097,select_2018,
4ge1,TSS,6.432,select_2018,
4ggz,BTN,10.18,select_2018,
4ghi,0X3,7.092,select_2018,
4gkc,RET,6.824,select_2018,
4glw,0XT,6.097,select_2018,
4glx,0XS,7.796,select_2018,
4gny,SDS,4.222,select_2018,
4gq4,0RT,7.658,select_2018,
4gqp,B40,9.602,select_2018,
4gs9,0XB,5.658,select_2018,
4gu6,10N,7.357,select_2018,kinase
4gu9,4GU,4.367,select_2018,kinase
4gue,QCT,5.237,select_2018,kinase
4gui,QIC,3.638,select_2018,
4guj,SKM,3.046,select_2018,
4gv8,DUP,6.495,select_2018,
4gwi,BDZ,3.695,select_2018,
4gwk,3PG,3.337,select_2018,
4h5e,IPR,6.066,select_2018,
4h7q,COI,5.056,select_2018,
4h81,WJ2,5.125,select_2018,
4h85,HRI,5.155,select_2018,
4hbm,0Y7,7.921,select_2018,
4hfp,15U,7.377,select_2018,
4hiq,16V,8.208,select_2018,
4his,3MI,8.092,select_2018,
4hj2,LZ6,2.53,select_2018,
4hmq,FCE,8.237,select_2018,
4ht0,V50,8.0,select_2018,
4ht2,V50,6.538,select_2018,
4hu1,V13,7.538,select_2018,
4hva,4HV,5.886,select_2018,
4i3z,ADP,4.29,select_2018,kinase
4i7j,BNZ,3.319,select_2018,
4i7k,MBN,3.043,select_2018,
4i7l,IPH,3.987,select_2018,
4i7m,2LP,4.143,select_2018,
4i7p,ES3,3.499,select_2018,
4i8x,6P3,2.638,select_2018,
4i9o,KI1,5.721,select_2018,
4iaw,LIZ,9.631,select_2018,
4iax,LIZ,9.564,select_2018,
4ibb,1DK,3.568,select_2018,
4ibc,12G,2.979,select_2018,
4ibd,1DL,3.668,select_2018,
4ibe,11Y,4.151,select_2018,
4ibf,1D5,4.434,select_2018,
4ibg,1D6,3.967,select_2018,
4ibi,1D8,4.137,select_2018,
4ibj,1D9,4.328,select_2018,
4ibk,1DE,4.298,select_2018,
4idn,GNP,5.239,select_2018,
4ido,GDP,4.934,select_2018,
4igt,3ZA,7.893,select_2018,
4ih5,12R,4.108,select_2018,
4ih6,1EP,4.745,select_2018,
4ih7,1ER,5.237,select_2018,
4ijh,1EJ,4.328,select_2018,
4ijl,1EK,3.87,select_2018,
4ipi,LMR,5.319,select_2018,
4ipj,LMR,4.87,select_2018,
4ipn,1FT,3.389,select_2018,
4irx,INS,6.119,select_2018,
4iue,AJ4,6.553,select_2018,
4iuo,QIC,3.638,select_2018,
4j21,AJ6,7.409,select_2018,
4j22,AJ7,7.745,select_2018,
4j3l,AJ5,7.796,select_2018,
4j4v,SVR,6.357,select_2018,
4j74,I18,4.585,select_2018,
4j7d,I31,4.699,select_2018,
4j7e,I29,4.854,select_2018,
4j8t,DOG,6.775,select_2018,
4j93,1JR,4.699,select_2018,
4jal,SAH,4.602,select_2018,
4jc1,TDG,4.301,select_2018,
4jck,1LL,2.367,select_2018,
4jdf,SPD,2.194,select_2018,
4je7,BB2,6.403,select_2018,
4jfk,JFK,6.444,select_2018,
4jfl,1KY,4.979,select_2018,
4jfm,1KZ,5.481,select_2018,
4jin,1L7,5.642,select_2018,
4jkw,IPE,4.156,select_2018,
4jn2,4CC,11.678,select_2018,
4jn4,ATP,5.86,select_2018,
4jne,ATP,5.86,select_2018,
4jnj,BTN,9.071,select_2018,
4jv6,18F,6.664,select_2018,
4jv8,1M1,5.848,select_2018,
4jvb,1M0,7.409,select_2018,
4jwk,CTN,8.32,select_2018,
4jx9,URI,8.62,select_2018,
4jyb,GNP,6.959,select_2018,
4jyc,GDP,6.699,select_2018,
4jym,KKN,5.043,select_2018,
4jzb,P2H,6.465,select_2018,
4k10,NI9,6.923,select_2018,
4k3h,1OM,6.854,select_2018,
4k4j,1O8,6.124,select_2018,
4k55,H6P,5.514,select_2018,
4k6i,9RA,6.201,select_2018,
4k7i,CAQ,2.824,select_2018,
4k7n,MCT,3.481,select_2018,
4k7o,EKZ,4.301,select_2018,
4k9y,K9Y,6.955,select_2018,kinase
4kao,KAO,6.114,select_2018,kinase
4kax,GTP,4.77,select_2018,
4kby,C2E,6.73,select_2018,
4kcx,1QK,4.432,select_2018,
4kfq,KFQ,8.232,select_2018,
4kii,RHL,6.229,select_2018,
4klv,KLV,3.782,select_2018,
4km0,CP6,6.041,select_2018,
4km2,TOP,5.845,select_2018,
4kmz,FOL,8.569,select_2018,
4kn0,MTX,7.398,select_2018,
4kn1,04J,6.842,select_2018,
4kne,1CY,5.9,select_2018,
4kni,E1E,7.777,select_2018,
4knj,E1F,7.955,select_2018,
4knm,E1E,8.0,select_2018,
4knn,E1F,7.777,select_2018,
4knz,UMC,5.071,select_2018,
4ko8,AGS,7.155,select_2018,
4kot,CE3,5.456,select_2018,
4kov,KOV,3.753,select_2018,
4kow,CFX,4.307,select_2018,
4kox,CLS,4.772,select_2018,
4kp5,E1F,6.079,select_2018,
4kp8,E1G,5.478,select_2018,
4ksy,1SY,8.421,select_2018,
4kv9,GDP,3.836,select_2018,
4kva,GTP,3.939,select_2018,
4kxl,6C6,6.222,select_2018,
4kxm,6IA,5.585,select_2018,
4kxn,6K6,6.097,select_2018,
4kzq,DFL,6.103,select_2018,
4l4v,1VY,5.783,select_2018,
4l4z,D5X,5.678,select_2018,
4l50,D8X,6.056,select_2018,
4l51,HSX,3.002,select_2018,
4l9i,8PR,4.886,select_2018,
4lar,1WE,4.684,select_2018,
4lbp,1WG,4.943,select_2018,
4lbu,1WJ,6.559,select_2018,
4leq,1WK,6.541,select_2018,
4lhv,GDP,10.0,select_2018,
4lj5,ADP,6.292,select_2018,
4lj8,ADP,5.824,select_2018,
4loh,1SY,6.959,select_2018,
4loi,1YC,6.77,select_2018,
4loj,1SY,6.523,select_2018,
4loo,SB4,8.155,select_2018,kinase
4lop,SB4,8.155,select_2018,kinase
4loq,SB4,8.155,select_2018,kinase
4lov,KGM,7.767,select_2018,
4lp6,Q4I,8.271,select_2018,
4lpg,1MV,4.255,select_2018,
4lph,YL3,5.036,select_2018,
4lps,GDP,5.745,select_2018,
4luo,1DZ,3.237,select_2018,
4luv,1XS,2.854,select_2018,
4luz,1XT,4.699,select_2018,
4lw1,1XS,3.149,select_2018,
4lwc,1XU,6.721,select_2018,
4lxz,SHH,6.74,select_2018,
4ly1,20Y,7.258,select_2018,
4ly9,1YY,8.155,select_2018,
4lys,2SJ,4.337,select_2018,
4lyw,21Q,6.625,select_2018,
4lzr,LOC,4.699,select_2018,
4lzs,L46,4.796,select_2018,
4m0y,M0Y,6.456,select_2018,kinase
4m0z,M0Z,5.194,select_2018,kinase
4m12,1YZ,6.046,select_2018,kinase
4m14,QWS,6.699,select_2018,kinase
4m3p,HCS,5.398,select_2018,
4m5g,YH1,5.013,select_2018,
4m5h,YH2,4.538,select_2018,
4m5i,YH6,5.174,select_2018,
4m5j,YH5,4.839,select_2018,
4m5k,YH3,5.229,select_2018,
4m5l,YH4,4.724,select_2018,
4m5m,DX4,4.745,select_2018,
4m5n,YH7,5.125,select_2018,
4m8e,29V,7.886,select_2018,
4m8h,R4M,7.602,select_2018,
4mg5,27E,5.344,select_2018,
4mg6,27G,5.616,select_2018,
4mg7,27H,6.357,select_2018,
4mg8,27J,6.481,select_2018,
4mg9,27K,5.676,select_2018,
4mga,27L,5.863,select_2018,
4mgb,XDH,5.435,select_2018,
4mgc,27M,6.319,select_2018,
4mgd,27N,4.695,select_2018,
4mjo,2C1,6.222,select_2018,
4mmm,BP7,3.824,select_2018,
4mmp,SLB,7.706,select_2018,
4mo4,ACP,4.222,select_2018,
4mp2,PV1,5.447,select_2018,
4mp7,PFT,5.738,select_2018,
4mpc,PV2,6.148,select_2018,
4mpe,PV8,6.371,select_2018,
4mpn,PV0,6.622,select_2018,
4mq6,29W,6.469,select_2018,
4mr3,1K0,5.942,select_2018,
4mr4,1K0,5.942,select_2018,
4mr5,1K0,6.6,select_2018,
4mr6,1K0,6.6,select_2018,
4mre,2C9,2.194,select_2018,
4mrf,2CK,1.951,select_2018,
4mrg,24W,2.959,select_2018,
4mrh,2CQ,1.9,select_2018,
4mue,2DH,6.699,select_2018,
4mul,2DW,6.215,select_2018,
4muv,PCG,5.762,select_2018,
4my6,3VH,5.62,select_2018,
4n07,2J9,6.456,select_2018,
4n5d,2FQ,3.217,select_2018,
4n6g,2GQ,5.469,select_2018,
4n6h,EJ4,9.284,select_2018,
4n7j,2GQ,5.469,select_2018,
4n7m,2GQ,5.469,select_2018,
4n7u,2JA,6.292,select_2018,
4n9c,2ZM,3.9,select_2018,
4nbk,2J5,3.866,select_2018,
4nbl,2J6,6.328,select_2018,
4nbn,2J7,4.357,select_2018,
4ncn,GTP,5.674,select_2018,
4ndu,AMG,2.745,select_2018,
4nj3,2KD,6.523,select_2018,kinase
4nj9,2M9,6.967,select_2018,
4nja,2M9,6.222,select_2018,
4nka,2K7,6.507,select_2018,kinase
4nkt,2KH,5.967,select_2018,
4nl1,Z13,3.886,select_2018,
4nnr,FK5,7.26,select_2018,
4np2,2L1,2.26,select_2018,
4np3,2L2,3.301,select_2018,
4np9,I3P,5.027,select_2018,
4nra,2LW,4.187,select_2018,
4nxu,ADP,5.538,select_2018,
4nxv,GDP,5.42,select_2018,
4nyf,4BI,7.31,select_2018,
4nzo,2OV,6.77,select_2018,
4o0a,2P9,6.721,select_2018,
4o3f,TZN,5.556,select_2018,
4o61,CIT,4.301,select_2018,
4oag,ADP,6.301,select_2018,
4ock,ANP,5.081,select_2018,
4ocp,ADP,6.097,select_2018,
4ocq,A2G,4.607,select_2018,
4ocv,ANP,5.081,select_2018,
4oew,5IO,6.818,select_2018,
4oex,5EO,5.839,select_2018,
4og3,2S6,6.545,select_2018,
4og4,2VK,6.021,select_2018,
4ogi,R78,7.432,select_2018,
4ogj,2TA,6.785,select_2018,
4oi6,CIT,5.0,select_2018,
4oiv,XX9,5.081,select_2018,
4oks,2T9,4.481,select_2018,
4omj,2TX,5.264,select_2018,
4omk,SQL,4.397,select_2018,
4or4,M7G,4.572,select_2018,
4or6,GDP,5.31,select_2018,
4oru,PEU,3.678,select_2018,
4orx,PEU,3.527,select_2018,
4ory,PEU,3.527,select_2018,
4ouj,LBT,2.857,select_2018,
4ovh,2VE,4.854,select_2018,
4ozj,ADP,5.398,select_2018,
4ozl,AMP,4.975,select_2018,
4p3h,25G,6.0,select_2018,
4p4t,GDP,4.387,select_2018,
4p5z,Q7M,7.406,select_2018,kinase
4pb2,5UD,4.796,select_2018,
4pd6,URI,4.444,select_2018,
4pf5,M3N,5.481,select_2018,
4pft,MAB,8.638,select_2018,
4pfu,MAB,6.174,select_2018,
4phu,2YB,7.919,select_2018,
4pin,AVI,5.398,select_2018,
4pio,AVI,5.699,select_2018,
4pmm,31V,7.569,select_2018,kinase
4pnu,2VD,4.886,select_2018,
4pnw,2VM,5.046,select_2018,
4poh,2VR,8.0,select_2018,
4poj,2VP,8.097,select_2018,
4pop,2VY,8.128,select_2018,
4pov,2VY,8.283,select_2018,
4pow,OP1,6.301,select_2018,
4pox,2W2,5.432,select_2018,
4pp0,OP1,4.399,select_2018,
4pp3,2VZ,7.824,select_2018,
4pp5,2W0,7.745,select_2018,
4psb,GA3,4.638,select_2018,
4puj,CKR,7.456,select_2018,
4puk,2WU,7.281,select_2018,
4pul,2WU,6.835,select_2018,
4pum,2WU,6.726,select_2018,
4pvx,YS1,6.764,select_2018,
4pvy,JD1,6.706,select_2018,
4pxm,EST,8.886,select_2018,
4pyx,V90,6.137,select_2018,
4pyy,V14,7.229,select_2018,
4pzv,J1D,5.699,select_2018,
4q06,V90,7.658,select_2018,
4q07,V14,8.137,select_2018,
4q08,V90,6.301,select_2018,
4q09,V14,8.174,select_2018,
4q0a,4OA,6.481,select_2018,
4q0k,GA3,4.873,select_2018,
4q0l,V14,7.699,select_2018,
4q3q,ABH,5.886,select_2018,
4q3r,XA2,6.268,select_2018,
4q3s,X7A,6.585,select_2018,
4q3t,HAR,6.481,select_2018,
4q46,GDP,3.772,select_2018,
4q4o,2YM,7.465,select_2018,
4q4p,2YO,6.39,select_2018,
4q4q,SAQ,5.785,select_2018,
4q4r,SQO,6.433,select_2018,
4q4s,S98,6.952,select_2018,
4q6d,WW3,7.362,select_2018,
4q6e,KR5,6.176,select_2018,
4q9m,2ZW,7.18,select_2018,
4q9o,2ZW,5.77,select_2018,
4qac,KK3,9.398,select_2018,
4qb3,30M,5.469,select_2018,
4qdk,SAH,5.854,select_2018,
4qem,HC4,7.796,select_2018,
4qer,STL,7.538,select_2018,
4qev,31O,7.658,select_2018,
4qew,31P,7.066,select_2018,
4qf7,C0R,8.602,select_2018,
4qf8,SPD,7.509,select_2018,
4qgd,PZZ,7.432,select_2018,
4qij,1HA,5.538,select_2018,
4qip,SDS,5.155,select_2018,
4qiy,WWX,7.301,select_2018,
4qiz,WWX,8.149,select_2018,
4qj0,WWX,7.319,select_2018,
4qjm,V1F,8.174,select_2018,
4qjo,V1F,7.398,select_2018,
4qjp,V1F,8.602,select_2018,
4qjr,PIZ,7.097,select_2018,
4qjw,WWO,7.796,select_2018,
4qjx,WWO,7.284,select_2018,
4qkd,AKG,4.092,select_2018,
4ql1,35Q,7.032,select_2018,
4qnb,1B0,6.585,select_2018,
4qp2,36R,3.027,select_2018,kinase
4qpd,THG,7.824,select_2018,
4qpl,V3L,7.409,select_2018,
4qsu,TDR,2.0,select_2018,
4qsv,THM,2.0,select_2018,
4qsw,38T,1.678,select_2018,
4qsx,38S,1.745,select_2018,
4qtl,WWO,6.921,select_2018,
4qxo,1YE,5.506,select_2018,
4qxq,1YE,5.701,select_2018,
4qxr,1YE,6.004,select_2018,
4qyy,3G7,7.301,select_2018,
4qzs,JQ1,7.051,select_2018,
4r07,UCG,5.319,select_2018,
4r0a,URI,4.26,select_2018,
4r4c,3HS,5.538,select_2018,
4r4i,3HV,6.268,select_2018,
4r4o,3HW,5.824,select_2018,
4r4q,3HZ,5.086,select_2018,
4r4t,3J0,6.26,select_2018,
4r6w,SAH,5.268,select_2018,
4r73,G6P,7.638,select_2018,
4r74,F6P,8.097,select_2018,
4r75,S7P,7.244,select_2018,
4r91,3KT,6.367,select_2018,
4rd0,GDP,6.62,select_2018,
4rd3,GDP,6.469,select_2018,
4rd6,GDP,6.284,select_2018,
4rdn,6MD,5.921,select_2018,
4rfr,RHN,6.538,select_2018,
4rgd,CIT,3.943,select_2018,
4rlt,FSE,4.963,select_2018,
4rlu,HCC,4.818,select_2018,
4rlw,BUN,4.873,select_2018,
4rpn,PCI,6.959,select_2018,
4rpo,T6C,7.642,select_2018,
4rqk,R1S,5.824,select_2018,kinase
4rqv,R2S,5.046,select_2018,kinase
4rr6,A3S,6.0,select_2018,
4rra,A3T,4.873,select_2018,
4rrf,A3S,3.621,select_2018,
4rrg,A3T,2.813,select_2018,
4rrq,A3S,5.469,select_2018,
4rrr,A3T,4.441,select_2018,
4rt0,C2E,5.504,select_2018,
4rt1,C2E,6.137,select_2018,
4ruu,RET,7.538,select_2018,
4rvr,3WQ,6.866,select_2018,
4rwj,66T,8.699,select_2018,kinase
4rwl,3ZC,8.097,select_2018,kinase
4rww,2BA,5.854,select_2018,
4ryl,3ZG,7.276,select_2018,
4s2i,NXL,9.0,select_2018,
4tjz,DKA,5.971,select_2018,
4tkb,DAO,5.592,select_2018,
4tkh,MYR,5.735,select_2018,
4tkj,PLM,6.04,select_2018,
4tpw,33R,4.688,select_2018,
4tq3,GPP,5.495,select_2018,
4tqn,UL4,6.114,select_2018,
4trc,ADE,4.523,select_2018,
4tsx,LF0,4.987,select_2018,
4tte,36Z,3.695,select_2018,
4tu4,37N,3.757,select_2018,
4tun,MVH,5.412,select_2018,
4txc,38G,6.62,select_2018,kinase
4tyl,39O,3.222,select_2018,
4tz2,39R,3.456,select_2018,
4tz8,39U,3.301,select_2018,
4u0e,1B0,6.921,select_2018,
4u0f,3A8,5.921,select_2018,
4u0s,ADP,6.801,select_2018,
4u0w,16G,3.0,select_2018,
4u0x,ZXM,6.229,select_2018,
4u43,3D8,4.319,select_2018,kinase
4u4s,3C1,2.921,select_2018,
4u4x,3C2,5.009,select_2018,
4u54,3C5,2.06,select_2018,
4u5n,3D4,2.481,select_2018,
4u5o,3D5,2.42,select_2018,
4u5s,3D0,2.409,select_2018,
4u5u,3D2,2.886,select_2018,
4u5v,RH2,3.046,select_2018,
4u7o,AN2,3.347,select_2018,
4ua8,MLR,6.26,select_2018,
4uac,ACR,6.541,select_2018,
4ucc,ZKW,4.319,select_2018,
4und,2YQ,8.959,select_2018,
4unp,TXW,3.229,select_2018,
4uof,DAT,4.836,select_2018,
4uoh,ADP,4.77,select_2018,
4up5,94W,2.602,select_2018,
4urx,HXY,2.886,select_2018,
4ury,RV1,2.222,select_2018,
4urz,VJP,2.523,select_2018,
4usi,AKG,4.41,select_2018,
4usw,ATP,2.693,select_2018,
4uxq,0LI,7.796,select_2018,kinase
4uye,9F9,8.02,select_2018,
4uyf,73B,7.602,select_2018,
4v01,0LI,8.114,select_2018,kinase
4v04,0LI,8.114,select_2018,kinase
4w52,BNZ,3.757,select_2018,
4w53,MBN,3.991,select_2018,
4w54,PYJ,4.167,select_2018,
4w55,3H0,4.745,select_2018,
4w57,N4B,4.854,select_2018,
4w5j,AP5,7.244,select_2018,
4w97,UCA,7.097,select_2018,
4w9c,3JG,4.654,select_2018,
4w9d,3JK,4.991,select_2018,
4w9f,3JU,5.485,select_2018,
4w9h,3JF,6.733,select_2018,
4w9i,3JS,5.959,select_2018,
4w9j,3JH,6.231,select_2018,
4w9k,3JO,6.536,select_2018,
4w9l,3JJ,5.021,select_2018,
4w9w,YDJ,7.48,select_2018,kinase
4w9x,3JW,7.4,select_2018,kinase
4wet,WEF,3.353,select_2018,
4wey,EG6,3.498,select_2018,
4wf2,BTX,8.095,select_2018,
4wf4,WF4,3.11,select_2018,
4whq,3N8,4.125,select_2018,
4whr,3N8,4.125,select_2018,
4whs,3N8,4.125,select_2018,
4wiv,3P2,6.26,select_2018,
4wk1,2BA,5.886,select_2018,
4wke,3PU,8.097,select_2018,
4wm9,NXL,6.921,select_2018,
4wmc,NXL,8.046,select_2018,
4wmu,19H,6.745,select_2018,
4wmv,3R4,4.032,select_2018,
4wmx,3R7,4.851,select_2018,
4wmy,3S6,7.071,select_2018,
4wn5,MVC,7.409,select_2018,
4wop,CTP,4.764,select_2018,
4wr7,3TV,11.699,select_2018,
4wri,OKA,9.013,select_2018,
4wt2,3UD,10.42,select_2018,
4wup,3UF,9.824,select_2018,
4wvl,3US,6.883,select_2018,
4ww6,3TV,10.208,select_2018,
4ww8,VD9,10.174,select_2018,
4wyp,AMP,3.357,select_2018,
4wyz,U3P,4.301,select_2018,
4wz6,ATP,5.602,select_2018,
4x11,SIA,2.222,select_2018,
4x1f,3WF,7.967,select_2018,
4x21,3WH,7.444,select_2018,kinase
4x3t,45E,4.539,select_2018,
4x50,3X8,7.752,select_2018,
4x5p,3XJ,8.208,select_2018,
4x5q,3XN,9.0,select_2018,
4x5r,3XO,7.854,select_2018,
4x5y,3XW,8.032,select_2018,
4x5z,3XY,7.627,select_2018,
4x8o,AP5,6.602,select_2018,
4x8t,3Z8,2.051,select_2018,
4xcb,HY0,5.469,select_2018,
4xcu,40M,8.222,select_2018,kinase
4xk9,41J,9.066,select_2018,
4xkb,DE9,6.097,select_2018,
4xkc,MD9,5.866,select_2018,
4xmb,41P,7.357,select_2018,
4xo8,KGM,8.959,select_2018,
4xoc,KGM,8.523,select_2018,
4xoe,KGM,5.004,select_2018,
4xrq,1B0,6.635,select_2018,
4xt2,43L,7.155,select_2018,
4xtp,TNR,4.256,select_2018,
4xtv,44K,9.268,select_2018,
4xtw,44M,9.03,select_2018,
4xty,44L,9.212,select_2018,
4xu0,44N,9.114,select_2018,
4xu1,44O,9.489,select_2018,
4xu2,44Q,9.228,select_2018,
4xu3,44R,9.502,select_2018,
4xx9,RF4,5.076,select_2018,kinase
4xxh,T6P,5.0,select_2018,
4xy8,43U,6.401,select_2018,
4xy9,43U,5.332,select_2018,
4xya,43S,5.863,select_2018,
4y24,TD2,6.658,select_2018,
4y2q,49N,2.921,select_2018,
4y38,0A9,2.398,select_2018,
4y3j,HIC,2.167,select_2018,
4y3y,DCL,2.347,select_2018,
4y4j,LNR,2.469,select_2018,
4y4v,DAL,3.65,select_2018,
4y59,T21,5.237,select_2018,
4y5d,MT6,5.921,select_2018,
4y8d,49J,8.051,select_2018,kinase
4y94,IHP,6.623,select_2018,
4yb7,ATP,3.801,diff_2019,
4yc9,4C1,8.886,select_2018,
4ycu,KRS,5.481,select_2018,
4ydn,2WN,8.638,select_2018,
4yee,4CQ,6.495,select_2018,
4yef,4CQ,5.353,select_2018,
4yhm,4CC,9.762,select_2018,
4yho,4CC,10.745,select_2018,
4ymg,SAM,4.678,select_2018,
4ymh,SAH,6.456,select_2018,
4ymq,ZBD,5.796,select_2018,
4yrd,3IT,4.569,select_2018,
4ysl,GSH,5.796,select_2018,
4yv5,SVR,6.222,select_2018,
4yw6,G0P,7.081,select_2018,
4yw7,4J0,6.886,select_2018,
4ywa,4J9,7.553,select_2018,
4yx4,FB2,5.969,select_2018,
4yxi,4J8,6.496,select_2018,
4yxo,4JC,7.039,select_2018,
4yxu,4JE,7.241,select_2018,
4yyt,S2O,6.379,select_2018,
4yz5,SLT,2.83,select_2018,
4z46,1PT,2.821,select_2018,
4z6h,4L2,6.213,select_2018,
4z6i,4L3,6.307,select_2018,
4z93,4LD,7.351,select_2018,
4zam,MA4,7.959,select_2018,
4zb6,GDS,6.276,select_2018,
4zb8,GDS,6.027,select_2018,
4zba,GDS,5.51,select_2018,
4zcs,CDC,4.328,diff_2019,
4zeb,AGR,6.523,select_2018,
4zec,C84,5.824,select_2018,
4zed,AGW,5.125,select_2018,
4zei,LAO,5.876,select_2018,
4zek,LAH,5.658,select_2018,
4zfi,4NJ,6.301,select_2018,
4zgk,4NX,5.509,select_2018,
4zij,SFQ,3.248,select_2018,
4zji,4OQ,6.469,select_2018,kinase
4zjj,4OR,8.004,select_2018,kinase
4zl4,4PK,7.86,select_2018,
4zme,ADN,4.301,select_2018,
4zmf,AMP,3.959,select_2018,
4zow,CLM,4.125,select_2018,
4zs9,RAF,4.569,select_2018,
4zsh,4XW,7.046,select_2018,
4zt8,CYT,4.387,select_2018,
4zvi,4S4,6.328,select_2018,
4zyf,4T4,8.638,select_2018,
4zzd,RBF,6.602,select_2018,
4zzx,FSU,6.903,select_2018,
4zzy,D7N,5.602,select_2018,
4zzz,FSU,7.06,select_2018,
5a14,LQ5,7.301,select_2018,kinase
5a4c,XOJ,8.244,select_2018,kinase
5a5q,6XC,4.678,select_2018,
5a5v,PXJ,7.481,select_2018,
5a6i,TCW,7.252,select_2018,
5a6x,MFU,6.695,select_2018,
5a7b,KMN,3.567,select_2018,
5a81,78J,5.538,select_2018,
5aan,XOC,4.149,select_2018,
5ab9,92O,6.328,select_2018,
5aba,UL7,2.983,select_2018,
5acw,RHU,3.839,select_2018,
5acx,WL3,5.046,select_2018,
5acy,9S3,8.194,select_2018,
5ad1,8LC,7.237,select_2018,
5afv,JH5,5.585,select_2018,
5agi,ANZ,4.337,select_2018,
5agj,ANZ,6.155,select_2018,
5agr,A52,5.432,select_2018,
5ags,38Y,7.398,select_2018,
5agt,A2H,7.125,select_2018,
5ahw,CMP,5.166,select_2018,
5ai1,EQU,6.469,select_2018,
5aip,4HP,2.824,select_2018,
5ais,CWC,6.244,select_2018,
5aiv,M1W,6.187,select_2018,
5aix,KRX,7.921,select_2018,
5alb,TIQ,10.708,select_2018,
5alc,TIQ,8.131,select_2018,
5am6,38O,6.733,select_2018,kinase
5am7,38O,7.19,select_2018,kinase
5ant,RJE,6.357,select_2018,
5anu,58T,9.398,select_2018,
5anv,RGJ,9.301,select_2018,
5anw,9CQ,8.523,select_2018,
5aoi,RZH,3.027,select_2018,
5aoj,Y0V,4.678,select_2018,
5aol,UFV,2.319,select_2018,
5aom,FY8,2.896,select_2018,
5aqf,ADN,3.783,select_2018,
5aqg,ZJB,4.509,select_2018,
5aqh,ZVO,2.456,select_2018,
5aqj,Q88,2.678,select_2018,
5aqk,GDP,3.652,select_2018,
5aqn,JG8,2.77,select_2018,
5aqo,CWS,2.854,select_2018,
5aqp,1LQ,2.678,select_2018,
5aqr,N8Y,3.0,select_2018,
5aqt,5P7,3.509,select_2018,
5aqu,UX0,2.983,select_2018,
5aqv,KC7,3.432,select_2018,
5aqz,SGV,5.481,select_2018,
5ar0,GB8,6.143,select_2018,
5arf,I9H,6.268,select_2018,
5aut,2AN,5.174,select_2018,kinase
5avf,TAU,5.495,select_2018,
5b2d,SLT,4.252,select_2018,
5b5f,6F3,5.252,select_2018,
5b5g,6FX,5.252,select_2018,
5boj,4TX,7.0,select_2018,
5bs4,4UX,11.004,select_2018,
5btx,CMP,3.553,select_2018,
5bv3,M7G,7.167,select_2018,
5bw4,SAM,4.167,select_2018,
5c2o,TTP,4.55,select_2018,
5c3p,AKG,4.463,select_2018,
5c4l,SIS,5.638,select_2018,
5c5h,4YB,6.405,select_2018,
5c5t,AKG,3.127,select_2018,
5c7n,BMF,6.569,select_2018,
5c85,4YO,3.979,select_2018,
5cbr,4ZK,5.745,select_2018,
5cbs,E42,5.409,select_2018,
5chk,55R,5.385,select_2018,
5cks,52L,5.509,select_2018,
5cp5,EB0,5.909,select_2018,
5cp9,6O5,3.509,select_2018,
5cqt,EB3,6.907,select_2018,
5cqu,JRJ,6.538,select_2018,kinase
5cs5,PIN,1.575,select_2018,
5cs6,K82,3.201,select_2018,kinase
5csd,ACD,7.886,select_2018,
5csh,54E,3.569,select_2018,kinase
5cso,CTN,6.027,select_2018,
5csp,54G,4.237,select_2018,kinase
5cst,CDP,6.959,select_2018,
5ct1,NHE,1.52,select_2018,
5ct2,CXS,2.921,select_2018,
5cu2,54G,4.237,select_2018,kinase
5cu4,54S,6.495,select_2018,kinase
5cxa,55L,8.046,select_2018,
5cxi,5TW,6.553,select_2018,
5cy9,E0A,6.662,select_2018,
5cyi,55S,5.883,select_2018,kinase
5cyv,WCA,4.959,select_2018,
5czm,R47,8.319,select_2018,
5d0c,E0B,5.631,select_2018,
5d0r,B1T,6.367,select_2018,
5d1r,56S,4.842,select_2018,
5d21,56N,8.377,select_2018,
5d24,L26,5.237,select_2018,
5d25,56M,6.301,select_2018,
5d26,L28,6.092,select_2018,
5d3c,56O,10.398,select_2018,
5d3h,57G,5.102,select_2018,
5d3j,L33,5.244,select_2018,
5d3l,57F,6.056,select_2018,
5d3n,L40,5.036,select_2018,
5d3p,57E,5.131,select_2018,
5d3t,56Y,4.921,select_2018,
5d3x,4IP,6.357,select_2018,
5d6j,ATP,4.444,select_2018,
5d7x,XZ8,4.824,select_2018,
5d9p,NBG,3.201,select_2018,
5dbm,58N,6.456,select_2018,
5dkn,B7I,3.693,select_2018,
5dkr,5CZ,5.222,select_2018,
5dlx,5D2,5.699,select_2018,
5dlz,5D1,5.745,select_2018,
5dnu,KKN,4.11,select_2018,
5doh,5DU,7.495,select_2018,
5dq8,FLF,4.137,select_2018,
5dqf,CZE,3.597,select_2018,
5drs,5EF,8.959,select_2018,
5dtk,5F3,4.301,select_2018,
5dts,5F8,3.553,select_2018,
5dtt,5F5,3.509,select_2018,
5dtw,5F9,5.456,select_2018,
5du4,5FF,5.252,select_2018,
5du8,5FK,5.721,select_2018,
5dus,APR,5.53,select_2018,
5duw,5GO,3.292,select_2018,
5dw2,5GD,5.842,select_2018,
5dx4,E0C,6.863,select_2018,
5dyo,FLU,10.215,select_2018,
5e1s,5JA,7.921,select_2018,kinase
5e2m,V14,7.229,select_2018,
5e2n,V14,9.538,select_2018,
5e3d,5JL,4.022,select_2018,
5e5g,DTR,3.155,select_2018,
5e7n,5KR,6.092,select_2018,
5e8a,5KS,7.469,select_2018,
5ea4,5NM,8.108,select_2018,
5eb3,UEG,1.453,select_2018,
5ech,JAA,3.796,select_2018,
5eci,JAA,3.796,select_2018,
5ect,DUP,5.284,select_2018,
5edd,DUP,5.244,select_2018,
5edl,VIB,8.347,select_2018,
5efa,MGT,4.833,select_2018,
5efc,GTP,4.851,select_2018,
5egs,5NR,6.013,select_2018,
5egu,5NQ,5.854,select_2018,
5eh5,XCZ,5.87,select_2018,
5eh7,5O5,3.481,select_2018,
5eh8,5O6,3.102,select_2018,
5ehe,WWO,8.319,select_2018,
5ehr,5OD,7.137,select_2018,
5ehv,5ON,3.083,select_2018,
5ehw,5OO,2.998,select_2018,
5ei3,5O8,4.248,select_2018,
5eis,5OU,5.745,select_2018,
5eje,AP5,5.602,select_2018,
5ejl,C2E,6.62,select_2018,
5ek9,5P4,7.328,select_2018,
5ekh,5RD,5.955,select_2018,
5ekj,TG4,6.0,select_2018,
5ekm,TG5,6.319,select_2018,
5el2,KBR,4.469,select_2018,
5elv,5PX,6.796,select_2018,
5en3,7LU,6.208,select_2018,
5eng,5QN,5.854,diff_2019,
5eou,ATP,5.36,select_2018,
5ep7,5QR,5.398,diff_2019,
5epn,5R2,8.658,select_2018,
5epr,5QY,4.041,select_2018,
5eps,5QX,4.42,select_2018,
5epy,5R2,7.399,select_2018,
5eq1,BEA,4.678,select_2018,
5eqe,5R8,3.879,select_2018,
5eqp,5R9,5.398,select_2018,
5eqq,5RS,8.174,select_2018,
5er4,5RL,2.756,select_2018,
5erg,SAM,4.353,select_2018,
5etb,5RO,4.538,select_2018,
5etk,5RU,5.824,select_2018,
5etl,5RV,4.638,select_2018,
5etm,5RW,5.409,select_2018,
5etn,5RX,5.367,select_2018,
5eto,5RY,5.569,select_2018,
5etp,5RZ,6.155,select_2018,
5etq,YH2,6.481,select_2018,
5etr,5RW,6.523,select_2018,
5ets,5RX,5.907,select_2018,
5ett,5RY,6.229,select_2018,
5etv,5RZ,6.244,select_2018,
5etx,5RS,6.812,select_2018,
5eu1,5SW,7.812,select_2018,
5evz,ADP,6.569,select_2018,
5ewh,5SG,3.77,select_2018,
5ewk,P34,4.854,select_2018,
5ewy,5TQ,4.301,select_2018,
5exw,7DT,6.824,select_2018,
5ey0,GTP,2.646,select_2018,
5ey4,DTP,3.125,select_2018,
5eyr,5T0,5.301,select_2018,
5ezg,5T4,4.921,select_2018,
5f08,5TG,5.523,select_2018,
5f0f,5TD,6.0,select_2018,
5f1h,5U6,7.851,select_2018,
5f1j,5TO,4.921,select_2018,
5f1r,42O,6.0,select_2018,
5f1x,ATP,6.108,select_2018,
5f25,5TU,5.041,select_2018,
5f29,2BA,5.046,diff_2019,
5f2k,SAH,6.157,select_2018,
5f2p,5TY,4.426,select_2018,
5f2r,ACP,4.284,select_2018,
5f3t,5UH,3.678,select_2018,
5f3z,5V5,4.538,select_2018,
5f41,5V6,4.174,select_2018,
5f5z,5VY,7.066,select_2018,
5f60,5VZ,7.367,select_2018,
5f61,5W0,7.456,select_2018,
5f62,5W1,8.167,select_2018,
5f63,5W2,7.921,select_2018,
5f74,AMP,5.119,select_2018,
5f8y,X6X,4.244,select_2018,
5f9b,5VN,4.261,select_2018,
5fa7,5VR,8.398,select_2018,
5faq,5VW,5.276,select_2018,
5fas,5VR,7.469,select_2018,
5fb7,ACD,7.886,select_2018,
5fbi,5WD,2.796,select_2018,
5fck,5WC,8.222,select_2018,
5fdz,5X0,5.167,select_2018,
5fe6,5WZ,2.161,select_2018,
5fe7,5WU,3.312,select_2018,
5fe9,5WS,4.678,select_2018,
5fh6,5XM,5.921,select_2018,
5fh7,5XL,6.863,select_2018,
5fh8,5XK,6.77,select_2018,
5flo,J4K,3.149,select_2018,
5flp,6J5,3.2,select_2018,
5flq,IO2,2.967,select_2018,
5fls,6ZX,3.043,select_2018,
5flt,VJJ,2.893,select_2018,
5fnc,IEE,4.114,select_2018,
5fnd,IQ5,3.495,select_2018,
5fnf,TQL,3.155,select_2018,
5fng,YIE,2.957,select_2018,
5fni,YIH,3.481,select_2018,
5fnj,YI6,2.288,select_2018,
5fnr,XMS,4.229,select_2018,
5fns,XYY,5.398,select_2018,
5fnt,0PL,6.174,select_2018,
5fnu,L6I,8.886,select_2018,
5fog,VRT,3.672,select_2018,
5fol,SO8,3.668,select_2018,
5fom,A2H,5.009,select_2018,
5fpp,HI6,4.0,select_2018,
5fs5,KGM,6.685,select_2018,
5fsb,6YR,2.222,diff_2019,
5fsc,G8Z,2.357,diff_2019,
5fsl,UAN,4.62,select_2018,
5fsn,6Q3,5.77,select_2018,
5fso,S76,6.092,select_2018,
5fsx,ADP,2.721,select_2018,
5fsy,AR6,5.886,select_2018,
5ftg,NBR,6.155,select_2018,
5fut,PQ7,6.453,select_2018,
5fwr,3X8,7.752,select_2018,
5fyx,FD6,4.157,select_2018,
5g17,6DK,6.699,select_2018,
5g1a,7H1,6.569,select_2018,
5g1n,PAL,7.77,select_2018,
5g2g,EQU,6.046,select_2018,
5g45,A7W,3.301,select_2018,
5g46,6VD,2.602,select_2018,
5g4m,O82,3.86,select_2018,
5g4n,O83,3.996,select_2018,
5g4o,O80,4.432,select_2018,
5g5f,GSH,5.284,select_2018,
5g5z,DQR,5.658,select_2018,
5g60,NYT,6.523,select_2018,
5g61,FNY,6.398,select_2018,
5ggj,PNA,1.75,select_2018,
5ggk,MBE,3.538,select_2018,
5ggl,6ZC,1.782,select_2018,
5ggn,LEC,3.658,select_2018,
5gic,DLC,6.48,select_2018,
5gid,VDP,6.114,select_2018,
5gj9,VGL,4.991,select_2018,
5gja,6PC,5.553,select_2018,
5gmh,RX8,6.31,select_2018,
5goe,GDP,4.34,select_2018,
5gof,GTP,4.045,select_2018,
5gsa,73K,7.086,select_2018,
5gvm,G57,6.73,select_2018,
5gvn,G6F,7.046,select_2018,
5gvp,GCF,6.783,select_2018,
5h1t,7FF,3.796,select_2018,
5h1u,6KT,3.509,select_2018,
5h1v,7FU,4.0,select_2018,
5h5f,SAM,4.429,select_2018,
5h5o,PCG,6.562,select_2018,
5h63,UD1,5.921,diff_2019,
5h85,5XS,4.699,diff_2019,
5h8e,5Y3,11.199,select_2018,kinase
5h8g,5Y4,10.317,select_2018,kinase
5h9p,TD2,7.167,select_2018,
5h9q,TD2,4.42,select_2018,
5h9r,TGZ,6.076,select_2018,
5h9s,TGZ,4.06,select_2018,
5ha1,RNE,7.193,select_2018,
5hbn,RPI,4.889,select_2018,
5hbs,RTL,7.733,select_2018,
5hgc,HCY,8.658,select_2018,
5hip,61O,6.046,select_2018,
5his,60P,4.708,select_2018,
5hja,XA2,5.959,select_2018,
5hjq,I3P,4.721,select_2018,
5hki,6ZJ,2.796,select_2018,
5hrv,64C,5.292,select_2018,
5hrw,64E,5.481,select_2018,
5hrx,64F,5.292,select_2018,
5htb,6L5,6.77,select_2018,kinase
5htc,66M,6.824,select_2018,kinase
5htl,C2E,6.301,select_2018,
5hu9,66K,7.616,select_2018,kinase
5hv0,AKG,5.959,select_2018,
5hva,DUP,7.066,select_2018,
5hvs,65V,7.149,select_2018,
5hvt,NVS,7.26,select_2018,
5hwu,DUP,5.272,select_2018,
5hwv,MBN,5.071,select_2018,
5i1q,67C,7.921,select_2018,
5i29,67B,7.824,select_2018,
5i2e,67D,6.638,select_2018,
5i2f,BS5,6.495,select_2018,
5i3a,HQE,5.046,select_2018,
5i3v,68M,7.796,select_2018,
5i3w,68L,9.222,select_2018,
5i3x,68J,8.097,select_2018,
5i3y,68K,9.398,select_2018,
5i7x,67B,7.276,select_2018,
5i7y,69G,7.284,select_2018,
5i80,67B,7.208,select_2018,
5i88,69G,6.602,select_2018,
5i8g,69E,7.523,select_2018,
5i8p,VQ7,6.733,select_2018,
5i9x,DB8,7.523,select_2018,kinase
5i9y,1N1,8.553,select_2018,kinase
5ia0,A5B,6.728,select_2018,kinase
5ia1,ZZL,6.276,select_2018,kinase
5ia2,L66,7.721,select_2018,kinase
5ia3,P17,7.337,select_2018,kinase
5ia4,88Z,7.284,select_2018,kinase
5ia5,GV0,7.602,select_2018,kinase
5ie1,6BS,6.854,select_2018,
5ier,3QZ,4.886,diff_2019,
5if6,3QZ,7.229,diff_2019,
5igk,BMF,7.379,select_2018,
5igl,BMF,7.37,select_2018,
5igm,BMF,7.38,select_2018,
5ih9,6BF,8.699,select_2018,kinase
5ihh,6B5,6.409,select_2018,
5ii1,6BL,5.481,select_2018,
5ii2,LU2,4.889,select_2018,
5ijj,I6P,6.553,select_2018,
5ijr,HRG,3.196,diff_2019,
5ikb,KAI,8.721,select_2018,
5il1,SAM,5.824,select_2018,
5ioy,6C5,5.222,select_2018,
5ioz,6C4,4.959,select_2018,
5ipa,6C8,4.699,select_2018,
5ipc,6CE,4.886,select_2018,
5ipj,6CD,8.886,select_2018,kinase
5irr,GSP,5.268,select_2018,
5isl,MMK,7.284,select_2018,
5ito,6DB,4.162,select_2018,
5itp,6DB,5.004,select_2018,
5ivj,6ED,7.337,select_2018,
5ivv,6EN,6.347,select_2018,
5ivy,6EO,6.444,select_2018,
5iw0,6EP,7.222,select_2018,
5iyy,R40,4.77,diff_2019,
5j0d,6F9,6.873,select_2018,
5j1r,6FG,4.658,select_2018,
5j1x,AR5,5.523,diff_2019,
5j20,6FJ,9.143,diff_2019,
5j27,6FF,6.745,diff_2019,
5j2x,6DL,7.745,diff_2019,
5j32,IPM,5.081,select_2018,
5j3l,6FR,4.796,select_2018,
5j64,6G7,6.854,diff_2019,
5j6a,P46,7.77,select_2018,
5j6l,6GC,7.886,diff_2019,
5j6m,6FJ,8.569,diff_2019,
5j6n,6FF,7.77,diff_2019,
5j71,P35,6.959,select_2018,
5j82,6GV,6.0,diff_2019,
5j86,6GW,8.26,diff_2019,
5j8m,6DL,6.796,diff_2019,
5j8u,6DL,6.469,diff_2019,
5j9x,6GC,7.77,diff_2019,
5ja0,FPP,5.222,select_2018,
5jal,6HO,2.469,select_2018,
5jcb,NV4,4.207,select_2018,
5jgi,AAG,4.301,diff_2019,
5jgq,6JY,4.62,diff_2019,
5jhb,6K5,6.059,select_2018,kinase
5jhk,6K8,4.638,diff_2019,
5ji8,6KT,4.631,select_2018,
5jox,EDG,4.456,select_2018,
5jq5,I74,5.631,select_2018,kinase
5js3,6MG,6.733,select_2018,
5jsj,6PD,5.398,select_2018,
5jss,6NG,6.451,select_2018,
5jt9,7AF,6.633,select_2018,
5jvi,6QC,6.509,select_2018,
5jxn,6NN,6.411,select_2018,
5k03,6P4,4.745,select_2018,
5k0m,6PU,8.824,diff_2019,
5k48,S5Z,6.6,diff_2019,
5k4z,6Q8,6.155,select_2018,
5k7h,IVC,6.004,select_2018,
5k8s,CMP,8.222,select_2018,
5k9w,OTA,4.585,select_2018,
5ka1,OTA,4.481,select_2018,
5ka3,OTA,4.585,select_2018,
5ka7,OTA,4.347,select_2018,
5ka9,OTA,4.409,select_2018,
5kab,OTA,4.678,select_2018,
5kad,OTA,4.432,select_2018,
5kat,P4P,4.104,select_2018,
5kau,RHQ,6.523,select_2018,
5kax,RHQ,6.108,select_2018,
5kbf,CMP,8.921,select_2018,
5kej,GTX,5.108,select_2018,
5kew,6SB,6.501,select_2018,
5kh3,6U6,4.222,diff_2019,
5kh7,6T7,3.658,diff_2019,
5khd,C2E,5.602,select_2018,
5khg,CC7,4.694,select_2018,
5khh,6SW,4.307,select_2018,
5khi,6SX,6.77,select_2018,
5khj,6SY,3.736,select_2018,
5khk,6SZ,6.387,select_2018,
5klp,IHP,4.644,select_2018,
5kly,6UR,7.215,select_2018,
5klz,AMP,6.374,select_2018,
5km0,IMP,5.31,select_2018,
5km1,5GP,6.178,select_2018,
5km2,C5P,4.408,select_2018,
5km3,U5P,4.604,select_2018,
5km5,TR5,6.917,select_2018,
5km9,ADN,4.253,select_2018,
5ko1,6UY,6.638,select_2018,kinase
5ko5,CYT,4.569,diff_2019,
5kva,SAM,5.135,select_2018,
5kxc,6Y2,5.264,select_2018,
5l2s,6ZV,7.081,select_2018,kinase
5l2t,6ZZ,6.187,select_2018,kinase
5l3a,6DP,4.886,select_2018,kinase
5l4f,6J1,5.886,select_2018,
5l4i,6J3,6.585,select_2018,
5l4j,6JD,4.284,select_2018,
5l4m,SBK,5.337,select_2018,
5l8n,6RQ,4.509,select_2018,
5l8o,CHD,3.382,select_2018,
5l9g,MO0,7.703,select_2018,
5l9i,SNW,7.004,select_2018,
5l9l,GOP,7.1,select_2018,
5l9o,GOP,5.398,select_2018,
5ld8,6U5,8.046,select_2018,
5ldk,ATP,4.174,select_2018,
5ldm,2AM,3.857,select_2018,
5ldp,ATP,4.174,select_2018,
5lif,6XO,5.873,select_2018,
5ll4,6YH,8.398,select_2018,
5ll5,6YH,6.041,select_2018,
5ll9,6YQ,6.079,select_2018,
5lla,6YQ,7.724,select_2018,
5llc,V26,9.523,diff_2019,
5lle,V51,10.222,diff_2019,
5llg,VD9,11.131,diff_2019,
5llh,V49,10.174,diff_2019,
5lli,6Z3,7.046,select_2018,
5llo,5EF,9.398,diff_2019,
5llp,6Z9,9.237,diff_2019,
5lny,70K,7.377,diff_2019,
5lom,SNW,7.13,select_2018,
5lpj,XDM,4.996,select_2018,
5lpk,XDM,5.514,select_2018,
5lpl,71X,4.921,select_2018,
5lpm,71Y,5.558,select_2018,
5lsg,QZQ,5.398,select_2018,
5lsh,KTS,3.387,select_2018,
5ltn,XI7,5.269,diff_2019,
5lud,76X,3.606,select_2018,
5luu,77X,5.064,select_2018,
5lvd,79F,2.62,select_2018,
5lvn,ADN,4.699,select_2018,kinase
5lvq,2LX,4.137,select_2018,
5lvr,78Y,3.602,select_2018,
5lwd,79E,6.244,select_2018,
5lwm,79T,8.873,select_2018,kinase
5lws,7B2,3.939,select_2018,
5lz4,7BW,5.699,select_2018,
5lz5,7K4,6.347,select_2018,
5lz7,7BK,6.276,select_2018,
5m04,GDP,6.337,select_2018,
5m28,MLR,4.319,select_2018,
5m29,CBY,7.398,select_2018,
5m2q,CBY,7.523,select_2018,
5m34,CBY,6.824,select_2018,
5m3b,CBY,6.921,select_2018,
5m9w,7GR,2.244,select_2018,
5ma7,7K0,3.474,select_2018,
5may,PK6,6.484,diff_2019,
5mb1,7KT,6.597,diff_2019,
5meh,DMJ,6.318,select_2018,
5mek,A3P,5.377,select_2018,
5mes,7LT,6.469,select_2018,
5mf6,7M2,4.357,select_2018,
5mg2,7M8,7.77,select_2018,
5mge,7MX,4.06,select_2018,
5mgf,7MW,4.268,select_2018,
5mgj,7MX,4.292,select_2018,
5mgk,7MW,4.0,select_2018,
5mi3,GDP,6.836,diff_2019,
5mi5,OAN,6.77,select_2018,
5mi6,NHT,7.301,select_2018,
5mi7,OAN,7.114,select_2018,
5mk9,BCD,4.42,select_2018,
5mka,RCD,4.31,select_2018,
5ml2,NH6,7.886,select_2018,
5ml3,DL3,9.693,select_2018,
5ml6,9GD,9.446,select_2018,
5mme,8Q6,5.854,diff_2019,
5mmg,UT0,6.013,diff_2019,
5mn1,2AP,2.481,select_2018,
5mnb,2AP,2.481,select_2018,
5mnc,ANL,1.314,select_2018,
5mng,BAM,4.684,diff_2019,
5mnh,BAM,4.684,diff_2019,
5mnn,MRZ,3.845,diff_2019,
5mno,MRZ,3.845,diff_2019,
5mnr,JC2,5.463,select_2018,
5mnx,2AP,2.481,select_2018,
5mny,WOT,1.314,select_2018,
5mo0,BAM,4.684,diff_2019,
5mo2,D86,3.845,diff_2019,
5mo8,C98,5.785,select_2018,kinase
5mob,A8S,4.046,select_2018,
5mod,86L,3.523,select_2018,kinase
5moe,OQC,3.284,select_2018,kinase
5mon,2AP,2.481,select_2018,
5moo,WOT,1.314,select_2018,
5moq,BAM,4.684,diff_2019,
5mos,D86,3.788,diff_2019,
5mpk,0BC,8.523,diff_2019,
5mpn,YE5,7.071,diff_2019,
5mpz,4I8,4.071,select_2018,
5mqe,PKU,5.398,select_2018,
5mrb,C5N,6.327,select_2018,kinase
5mrm,Q9T,5.032,select_2018,
5mro,Q9P,5.699,select_2018,
5mrp,6BC,5.523,select_2018,
5msb,V13,7.456,diff_2019,
5mtx,FJI,7.752,select_2018,kinase
5mty,HB9,8.886,select_2018,kinase
5muc,AH2,6.04,diff_2019,
5mwh,UWX,5.745,diff_2019,
5mwj,EBU,7.607,select_2018,
5mwz,KGU,5.149,diff_2019,
5mxf,MFU,3.585,select_2018,
5my8,RXZ,7.143,select_2018,kinase
5myg,LS8,7.509,select_2018,
5mz8,SIN,2.31,select_2018,
5n0f,7K2,6.046,select_2018,
5n16,8FN,5.301,select_2018,
5n17,8FK,5.319,select_2018,
5n18,8HZ,5.678,select_2018,
5n1p,8GK,4.602,diff_2019,
5n1x,8HH,3.162,select_2018,
5n1z,8GQ,8.187,select_2018,
5n21,8HN,5.959,select_2018,
5n2t,8KK,5.076,select_2018,
5n2x,8KN,6.06,select_2018,
5n2z,8JH,5.31,select_2018,
5n31,8LB,5.793,select_2018,
5n34,8JQ,4.633,select_2018,
5n3v,8L5,4.344,select_2018,
5n3y,8L2,5.031,select_2018,
5n53,8NB,2.553,select_2018,
5n55,8NN,5.987,select_2018,
5n58,93W,6.097,select_2018,
5n69,2OW,6.538,select_2018,
5n84,8Q5,7.959,select_2018,kinase
5n87,N66,9.252,select_2018,kinase
5n93,8QE,8.658,select_2018,kinase
5n9r,8RN,5.585,select_2018,
5n9s,8QW,8.62,select_2018,kinase
5nai,93W,6.097,select_2018,
5nap,DZ7,7.954,diff_2019,
5nau,DZ0,7.525,diff_2019,
5nbw,8SK,8.585,select_2018,
5ndb,8TW,4.658,diff_2019,
5ne5,KIF,7.409,select_2018,
5nf9,8VW,5.328,select_2018,
5nfa,8VQ,5.252,select_2018,
5nfb,8VT,6.114,select_2018,
5nge,8WK,7.187,select_2018,
5ngf,8WN,5.108,select_2018,
5ngz,2BG,2.886,select_2018,
5niy,GNP,4.222,diff_2019,
5njz,8ZH,7.796,select_2018,kinase
5nk2,8ZZ,6.74,select_2018,kinase
5nk3,92Q,7.42,select_2018,kinase
5nk4,90E,8.699,select_2018,kinase
5nk6,90W,6.801,select_2018,kinase
5nk7,8ZZ,6.33,select_2018,kinase
5nk8,90Z,6.64,select_2018,kinase
5nka,91H,5.456,select_2018,kinase
5nkb,8ZT,9.119,select_2018,kinase
5nkc,90T,7.721,select_2018,kinase
5nkd,91K,7.585,select_2018,kinase
5nkg,8ZK,7.678,select_2018,kinase
5nkh,8ZQ,7.585,select_2018,kinase
5nki,8ZW,7.721,select_2018,kinase
5nkn,LOC,9.921,diff_2019,
5nlk,92E,7.456,diff_2019,
5nn0,92H,10.959,diff_2019,
5nn4,SC2,1.937,select_2018,
5nn6,MIG,5.523,select_2018,
5nu3,99E,6.638,select_2018,
5nu5,99E,6.328,select_2018,
5nud,99K,7.495,diff_2019,kinase
5nvv,9BT,6.699,select_2018,
5nvw,9BW,6.77,select_2018,
5nvx,4YY,7.046,select_2018,
5nw0,9BK,6.523,select_2018,
5nw1,9BH,6.602,select_2018,
5nw2,9B8,6.495,select_2018,
5nwe,G39,4.879,diff_2019,
5nwz,9CT,9.097,diff_2019,kinase
5nyh,9EK,7.728,diff_2019,
5nz4,G39,6.284,diff_2019,
5nze,G39,6.387,diff_2019,
5nzo,9EZ,2.237,select_2018,
5nzp,9EW,2.187,select_2018,
5nzq,5AO,2.032,select_2018,
5o0a,9FH,3.237,select_2018,
5o0b,9FE,4.18,select_2018,
5o0j,8BR,4.773,diff_2019,
5o1a,9H5,4.523,diff_2019,
5o1b,9H2,4.699,diff_2019,
5o1c,9GZ,3.947,diff_2019,
5o1d,9GW,4.658,diff_2019,
5o1e,9GT,4.481,diff_2019,
5o1f,9GQ,4.523,diff_2019,
5o1g,9GK,3.936,diff_2019,
5o1h,9GN,4.854,diff_2019,
5o1i,9GH,5.398,diff_2019,
5o22,C3R,8.0,diff_2019,
5o2d,9HH,5.678,select_2018,
5o3q,CMP,5.678,diff_2019,
5o3r,AMP,4.996,diff_2019,
5o55,9L5,4.699,diff_2019,
5o5a,9LN,4.77,diff_2019,
5o5f,9LT,4.301,diff_2019,
5o9o,9PB,4.886,diff_2019,
5o9p,9P8,5.094,diff_2019,
5o9q,9PH,5.208,diff_2019,
5o9r,9PK,5.388,diff_2019,
5o9y,9PN,5.337,diff_2019,
5oa2,9PW,5.009,diff_2019,
5oa6,9PT,5.509,diff_2019,
5oah,95B,8.31,diff_2019,
5oax,9Q5,7.569,diff_2019,
5oci,9R8,8.046,diff_2019,
5od5,95B,7.738,diff_2019,
5odx,9RZ,6.71,diff_2019,
5ody,9SK,8.398,diff_2019,
5oei,OOG,5.796,select_2018,
5ofi,9TQ,4.203,select_2018,
5ofv,9TZ,1.582,select_2018,
5ofw,9TW,2.796,select_2018,
5oha,9UW,4.886,diff_2019,
5oku,0L1,6.26,select_2018,
5olk,DTP,6.0,diff_2019,
5om2,DXT,4.062,diff_2019,
5om3,DXT,4.101,diff_2019,
5om7,DM2,5.745,diff_2019,
5oqu,A4B,3.613,diff_2019,kinase
5org,6DB,8.398,select_2018,
5orh,A4N,4.387,diff_2019,kinase
5orj,A4Q,4.77,diff_2019,kinase
5ork,A4T,3.631,diff_2019,kinase
5orl,A4W,4.824,select_2018,kinase
5orr,A5Q,3.77,select_2018,kinase
5orv,A65,2.887,select_2018,kinase
5orw,A6E,3.099,select_2018,kinase
5ory,AY4,3.447,select_2018,kinase
5orz,A6W,3.365,select_2018,kinase
5os0,A6Z,2.554,select_2018,kinase
5os1,A7H,3.306,select_2018,kinase
5os2,A7K,2.74,select_2018,kinase
5os3,A7N,2.426,select_2018,kinase
5os4,A8H,2.779,select_2018,kinase
5os5,A8K,3.387,select_2018,kinase
5os7,A8Q,3.688,diff_2019,kinase
5os8,J27,3.979,diff_2019,kinase
5osd,A9B,3.208,select_2018,kinase
5ose,A98,3.167,select_2018,kinase
5osl,A9K,3.426,diff_2019,kinase
5oss,AEZ,4.548,diff_2019,
5ost,AEZ,4.564,diff_2019,
5ot8,6DB,4.195,select_2018,
5ot9,AOZ,4.074,select_2018,
5ota,AQQ,5.745,select_2018,
5otc,AQK,4.714,select_2018,
5otr,AU8,4.921,diff_2019,kinase
5otz,AUT,5.187,diff_2019,kinase
5oul,AWE,3.301,diff_2019,kinase
5ov8,AXN,4.745,diff_2019,
5ovr,AXK,4.565,select_2018,
5ovx,AY5,4.503,select_2018,
5ow1,AY8,4.152,select_2018,
5owa,B0H,5.456,diff_2019,
5qa4,TI7,3.77,diff_2019,
5qa5,L5D,3.523,diff_2019,
5qa6,AUV,3.757,diff_2019,
5qa7,IQQ,3.959,diff_2019,
5qa8,JSX,3.77,diff_2019,
5qa9,QKU,3.638,diff_2019,
5qaa,EAJ,3.91,diff_2019,
5qab,XEV,3.646,diff_2019,
5qac,U4J,3.602,diff_2019,
5qad,WVV,3.77,diff_2019,
5qae,Q4G,3.62,diff_2019,
5qaf,S1D,3.506,diff_2019,
5qag,Q2R,3.699,diff_2019,
5qah,EFX,3.842,diff_2019,
5qai,VM7,3.824,diff_2019,
5qaj,VBC,3.481,diff_2019,
5qak,AV4,3.658,diff_2019,
5qal,TVZ,3.456,diff_2019,
5qam,GA6,4.0,diff_2019,
5qan,M8Q,3.959,diff_2019,
5qao,Z8R,3.62,diff_2019,
5qap,AV7,4.0,diff_2019,
5qaq,S1C,3.538,diff_2019,
5qar,QIU,3.77,diff_2019,
5qas,CVF,3.721,diff_2019,
5qat,T7O,3.854,diff_2019,
5qau,V7V,4.155,diff_2019,
5qav,L43,4.155,diff_2019,
5qaw,TVC,3.398,diff_2019,
5qax,Q92,3.796,diff_2019,
5qay,X6P,3.229,diff_2019,
5qaz,Q2S,3.398,diff_2019,
5qb0,AVA,3.799,diff_2019,
5qb1,F1C,4.699,diff_2019,
5qb2,U3M,4.155,diff_2019,
5qb3,AVM,4.31,diff_2019,
5syn,71T,6.62,select_2018,
5t18,73T,9.301,select_2018,kinase
5t2t,0N8,6.292,diff_2019,
5t3n,75G,8.041,select_2018,
5t5g,75P,5.886,diff_2019,
5t7s,LBT,4.102,select_2018,
5t9u,7HG,7.602,select_2018,
5t9w,78E,5.585,select_2018,
5t9z,78R,7.194,select_2018,
5ta2,78X,7.959,select_2018,
5tb6,77X,5.815,select_2018,
5tbe,78L,8.975,select_2018,kinase
5tbm,79A,7.31,select_2018,
5tci,79V,6.879,select_2018,
5tcj,79V,7.377,select_2018,
5tco,79Q,8.19,select_2018,kinase
5tcy,5LC,7.658,select_2018,
5tef,GTG,5.398,select_2018,
5tgc,ATP,6.699,diff_2019,
5tha,GP3,3.854,select_2018,
5tpx,7H7,6.553,select_2018,
5ttf,7KZ,6.215,diff_2019,
5ttg,7KZ,7.337,diff_2019,
5tuz,7L6,7.398,select_2018,
5tv1,IHP,7.244,select_2018,
5tw2,7LP,7.304,select_2018,
5tw5,7LM,7.419,select_2018,
5twj,SAM,5.253,select_2018,
5txy,7Q1,5.456,select_2018,
5ty1,7QV,5.215,select_2018,
5ty8,7Q1,5.456,select_2018,
5ty9,7QV,5.215,select_2018,
5tya,7QS,4.483,select_2018,
5tzd,C2E,5.745,select_2018,
5tzf,C2E,5.796,select_2018,
5tzo,7V7,5.229,select_2018,
5u0d,7R7,4.544,select_2018,
5u0e,7R4,5.114,select_2018,
5u0f,7R1,5.469,select_2018,
5u0g,7QY,4.582,select_2018,
5u0w,9MG,4.237,select_2018,
5u0y,7PJ,6.081,select_2018,
5u0z,7PM,6.187,select_2018,
5u11,7PS,5.347,select_2018,
5u12,5RU,5.071,select_2018,
5u13,YH5,5.409,select_2018,
5u14,7PV,5.337,select_2018,
5u28,82V,7.174,select_2018,
5u48,S4B,6.328,select_2018,
5u49,S2L,6.137,select_2018,
5u4a,7VG,6.357,select_2018,
5u4b,XOS,5.745,select_2018,
5u4c,XBS,6.004,select_2018,
5u4d,XLO,6.328,select_2018,
5u4e,XLB,6.347,select_2018,
5u4f,IWW,6.328,select_2018,
5u4g,7UV,6.102,select_2018,
5u4x,7VM,8.149,diff_2019,
5u9i,FAR,7.31,select_2018,
5uc1,486,7.854,diff_2019,
5uc4,83S,6.456,diff_2019,
5uch,871,6.013,diff_2019,
5uci,874,5.37,diff_2019,
5ucj,KU3,6.357,diff_2019,
5uff,8B7,4.243,select_2018,
5ufp,86D,7.372,select_2018,
5ufr,88J,8.699,select_2018,
5ugh,8AJ,6.77,select_2018,
5ulp,KB1,4.614,select_2018,
5umw,RBF,4.225,diff_2019,
5umx,RBF,5.959,diff_2019,
5umy,TNN,6.967,diff_2019,
5un1,BMK,5.796,diff_2019,
5unp,8FY,10.018,diff_2019,kinase
5usy,SKE,7.509,select_2018,kinase
5usz,SKE,6.975,select_2018,kinase
5ut0,35R,5.878,select_2018,kinase
5ut4,DQX,4.377,select_2018,kinase
5ut6,8MY,4.242,select_2018,kinase
5uxf,2BA,7.06,select_2018,
5v13,JH3,7.633,select_2018,
5v2l,ATP,3.541,select_2018,
5v5y,8X7,7.873,select_2018,kinase
5v79,8Y4,6.409,select_2018,
5v7a,8Y7,6.377,select_2018,
5vad,91Y,9.119,select_2018,
5var,92Y,4.088,diff_2019,
5vb5,92A,6.456,select_2018,
5vc3,DB8,7.111,select_2018,kinase
5vc4,XZN,7.36,select_2018,kinase
5vc5,96M,7.959,select_2018,kinase
5vc6,P48,7.866,select_2018,kinase
5vcv,1N1,6.824,select_2018,kinase
5vcw,93J,5.957,select_2018,kinase
5vcy,DB8,6.569,select_2018,kinase
5vcz,XZN,6.353,select_2018,kinase
5vd0,8X7,6.489,select_2018,kinase
5vd1,P48,6.004,select_2018,kinase
5vd2,34W,7.104,select_2018,kinase
5vd3,H8H,5.55,select_2018,kinase
5vdp,1SY,4.051,select_2018,
5vfj,DHC,4.699,select_2018,
5vfm,HC4,3.824,select_2018,
5vfn,HCI,3.523,select_2018,
5vgy,9AA,4.184,select_2018,
5vl2,9EG,8.424,diff_2019,
5vm0,9EG,8.796,diff_2019,
5vqe,G2F,1.495,diff_2019,
5vr8,UDX,6.87,diff_2019,
5vrl,9JA,7.114,diff_2019,
5vs6,9QD,6.983,select_2018,
5vsb,9QA,5.118,select_2018,
5vsc,9HJ,6.292,select_2018,
5vsd,9HJ,7.244,select_2018,
5vse,9HG,5.971,select_2018,
5vsf,9HG,7.027,select_2018,
5vyy,9QY,6.208,diff_2019,
5w10,CMP,6.62,select_2018,
5w19,9TD,5.301,diff_2019,
5w1e,PHB,5.237,select_2018,
5w5v,ANW,6.097,diff_2019,kinase
5w8j,9Y7,6.432,diff_2019,
5w99,A1V,4.678,select_2018,
5wa8,9ZA,6.231,select_2018,
5wa9,9ZD,6.757,select_2018,
5wbf,LAC,3.81,select_2018,
5wbm,A4G,4.699,select_2018,
5wbo,A1Y,4.208,select_2018,
5wj6,B4A,7.569,diff_2019,
5wl0,21G,9.174,select_2018,
5wmt,9QY,5.86,diff_2019,
5wp5,SAH,5.337,select_2018,
5wqj,7N3,5.523,select_2018,
5wqk,7NC,6.301,select_2018,
5wuk,73K,7.854,select_2018,
5wyx,CU8,6.658,select_2018,
5wyz,7VF,7.678,select_2018,
5x13,HC4,5.208,select_2018,
5x4m,7ZF,2.921,select_2018,
5x4n,7ZL,4.167,select_2018,
5x4o,YAM,4.056,select_2018,
5x4p,7ZO,5.032,select_2018,
5x4q,7Z6,7.108,select_2018,
5x62,SAH,6.421,select_2018,
5x74,JAY,8.638,select_2018,
5x9o,80R,5.301,select_2018,
5xg5,A2G,3.481,select_2018,
5xiw,LOC,4.957,diff_2019,
5xmx,89L,7.244,diff_2019,
5xo7,36J,6.357,diff_2019,
5xpi,8C3,5.284,diff_2019,
5xsr,8EC,7.693,diff_2019,
5xsu,8E3,6.745,diff_2019,
5y2f,8L9,5.155,diff_2019,
5y6k,8R6,6.066,diff_2019,
5y7z,IRE,7.812,diff_2019,kinase
5y80,IRE,8.79,diff_2019,kinase
5y8y,8PX,7.086,diff_2019,
5y94,8QC,6.785,diff_2019,
5y97,LAT,3.602,diff_2019,
5ya5,6TD,6.721,diff_2019,kinase
5ybi,ANP,3.491,diff_2019,
5yc8,3C0,8.194,diff_2019,
5yf1,8V0,3.284,diff_2019,
5yfs,RI2,4.86,diff_2019,
5yft,RI2,5.0,diff_2019,
5yh8,8UX,6.775,diff_2019,
5yhe,8UX,6.692,diff_2019,
5yhg,8UX,6.021,diff_2019,
5yhl,8VL,7.745,diff_2019,
5yij,NAI,3.419,diff_2019,
5yj8,8W9,3.983,diff_2019,
5yjm,8W3,7.678,select_2018,
5yl2,8WU,4.499,diff_2019,
5ylj,8X0,3.856,diff_2019,
5yls,Y50,5.29,diff_2019,
5yqw,CBS,7.509,diff_2019,
5yto,946,4.481,diff_2019,
5ytu,5FW,4.921,diff_2019,
5yvt,NAI,3.963,diff_2019,
5ywx,93C,9.854,diff_2019,
5ywy,7UR,7.229,diff_2019,
5yyb,NGE,6.558,diff_2019,
5yz2,AMP,4.947,diff_2019,
5z68,ATP,5.886,diff_2019,
5z7b,VNL,4.886,diff_2019,
5z7j,36J,6.602,diff_2019,
5z89,EGC,6.71,diff_2019,
5z95,EGC,6.547,diff_2019,
5z99,SLB,6.876,diff_2019,
5za2,NXL,5.77,diff_2019,
5zk3,QNB,8.745,diff_2019,
5zk8,3C0,8.886,diff_2019,
5zkc,3C0,8.194,diff_2019,
5zku,9F3,4.297,diff_2019,
5zla,9F3,4.3,diff_2019,
5zo7,5C5,9.0,diff_2019,
5zo8,4C5,8.201,diff_2019,
5zo9,4C5,8.201,diff_2019,
5zt1,AGS,4.673,diff_2019,
5zu0,SAH,5.509,diff_2019,
5zzw,SAH,5.509,diff_2019,
6af9,ISN,5.495,diff_2019,
6afa,ISN,5.495,diff_2019,
6afc,72R,6.032,diff_2019,
6afd,72S,5.432,diff_2019,
6afe,72T,5.357,diff_2019,
6aff,72U,5.409,diff_2019,
6afg,72V,4.863,diff_2019,
6afh,73F,6.125,diff_2019,
6afi,73D,6.201,diff_2019,
6afj,73G,6.284,diff_2019,
6afl,73H,7.0,diff_2019,
6agg,AG2,4.071,diff_2019,
6an1,BKY,5.347,diff_2019,
6ap6,TLF,5.367,diff_2019,
6ap7,BNY,5.337,diff_2019,
6ap8,BNY,5.097,diff_2019,
6aqf,ZMA,8.67,diff_2019,
6awn,8PR,9.201,diff_2019,
6awp,FVX,7.161,diff_2019,
6ayh,C3G,5.569,select_2018,
6ayi,C3G,6.678,select_2018,
6b1c,C9J,6.955,diff_2019,
6b1f,C8Y,8.721,diff_2019,
6b1h,C8Y,8.721,diff_2019,
6b1j,C8V,7.367,diff_2019,
6b1k,C9G,6.672,diff_2019,
6b1w,C8V,7.367,diff_2019,
6b1x,C9D,7.398,diff_2019,
6b1y,CD7,7.398,diff_2019,
6b22,C8Y,7.377,diff_2019,
6b2c,C9Y,7.027,diff_2019,
6b3v,7DQ,9.693,diff_2019,
6b4h,IHP,8.523,diff_2019,
6b5a,CQS,7.943,diff_2019,
6b5i,CU4,5.959,diff_2019,
6b7a,CWM,4.495,select_2018,
6b7b,CWJ,2.893,select_2018,
6b7c,CWP,5.143,select_2018,
6b7d,CWG,4.284,select_2018,
6b7e,CWA,4.553,select_2018,
6baw,D57,5.377,diff_2019,
6bbx,D77,6.668,diff_2019,
6bdy,SFG,5.69,diff_2019,
6beb,RFV,3.609,diff_2019,
6bec,RBT,4.009,diff_2019,
6bed,RFP,4.721,diff_2019,
6bee,RXM,4.658,diff_2019,
6bef,3YI,3.983,diff_2019,
6beh,RPT,4.086,diff_2019,
6bgu,DKP,6.276,diff_2019,
6bgv,DQG,6.745,diff_2019,
6bgw,DKS,6.678,diff_2019,
6bgx,DKV,6.328,diff_2019,
6bgy,DLJ,6.824,diff_2019,
6bgz,DNV,6.387,diff_2019,
6bh0,DO1,6.658,diff_2019,
6bh1,DQG,7.222,diff_2019,
6bh2,90V,5.62,diff_2019,
6bh3,DQJ,4.921,diff_2019,
6bh5,DNY,6.602,diff_2019,
6bhv,DQV,5.231,diff_2019,
6bm5,SAM,5.845,diff_2019,
6bm6,SAH,4.682,diff_2019,
6bnk,AGH,6.991,diff_2019,
6bnl,QWV,6.959,diff_2019,
6bny,E0M,6.398,diff_2019,kinase
6bod,E0P,4.26,diff_2019,kinase
6boe,E0S,5.538,diff_2019,kinase
6bu0,IHP,5.959,diff_2019,
6bw5,TUM,8.252,diff_2019,
6c28,WCA,4.167,diff_2019,
6c91,EQD,6.187,diff_2019,
6c98,ER7,4.097,diff_2019,
6c99,EQY,5.62,diff_2019,
6ce2,SVR,6.301,diff_2019,
6ce6,EYP,5.097,diff_2019,
6cea,EYY,3.143,diff_2019,
6ced,EYA,5.824,diff_2019,
6cer,TDP,5.358,diff_2019,
6cex,NHE,1.699,diff_2019,
6cf5,NHE,1.699,diff_2019,
6cfc,BLG,3.678,diff_2019,
6cfd,EZA,7.857,diff_2019,
6chh,F0P,5.569,diff_2019,
6chl,EXJ,8.046,diff_2019,
6chn,F1D,7.959,diff_2019,
6chp,F0Y,10.125,diff_2019,
6ckc,F5J,8.222,diff_2019,
6ckr,F5V,7.301,diff_2019,
6cks,F5Y,7.824,diff_2019,
6ckw,F6D,9.081,diff_2019,
6clv,6MB,4.876,diff_2019,
6cms,5OD,5.824,diff_2019,
6cnj,NCT,8.114,diff_2019,
6cnk,NCT,7.77,diff_2019,
6coj,F8G,6.398,diff_2019,
6cpw,F8V,8.252,diff_2019,
6cqt,_VX,9.638,diff_2019,
6cqz,_VX,9.638,diff_2019,
6csp,FBM,8.523,diff_2019,
6csq,F9P,6.387,diff_2019,
6csr,BHO,6.842,diff_2019,
6css,FBJ,7.602,diff_2019,
6cus,IHP,4.886,diff_2019,
6cv8,I3P,3.167,diff_2019,
6cvd,4ME,4.0,diff_2019,
6cve,CTP,6.796,diff_2019,
6cvf,CDP,6.347,diff_2019,
6cvv,ATP,4.125,diff_2019,
6cw4,FGV,2.824,diff_2019,
6cwf,6LA,7.538,diff_2019,
6cwh,6LA,7.538,diff_2019,
6cwi,6LA,7.538,diff_2019,
6cwn,6LA,6.646,diff_2019,
6czb,UTP,4.328,diff_2019,
6czc,TTP,4.783,diff_2019,
6cze,ITT,4.032,diff_2019,
6czi,38E,6.252,diff_2019,
6d28,NEC,6.699,diff_2019,
6d50,GCB,5.046,diff_2019,
6d55,FWA,7.357,diff_2019,
6d56,FVM,8.046,diff_2019,
6d59,FVJ,7.0,diff_2019,
6d5e,FVG,6.854,diff_2019,
6d5g,FVD,6.602,diff_2019,
6d5h,FV7,6.921,diff_2019,
6d5j,FV4,6.337,diff_2019,
6d6t,FYP,8.215,diff_2019,
6d6u,FYP,8.215,diff_2019,
6dik,GKP,5.072,diff_2019,
6dk1,GM4,7.648,diff_2019,
6dkb,FKY,9.155,diff_2019,kinase
6dkg,GO7,8.585,diff_2019,kinase
6dki,GOD,8.638,diff_2019,kinase
6dlx,GXY,3.319,diff_2019,
6dq4,K0I,4.921,diff_2019,
6dq5,H6G,5.194,diff_2019,
6dq6,H6J,5.071,diff_2019,
6dq8,H6S,6.585,diff_2019,
6drx,H8G,9.237,diff_2019,
6dxl,HG4,5.796,diff_2019,
6e2o,S0L,8.538,diff_2019,kinase
6e4a,HRY,7.357,diff_2019,
6e4t,HTV,8.048,diff_2019,
6e4u,HU7,7.866,diff_2019,
6e4w,HUG,6.704,diff_2019,
6e59,L76,8.668,diff_2019,
6egs,UD2,3.585,diff_2019,
6ei5,B5Q,7.417,diff_2019,
6ekq,B0H,5.456,diff_2019,
6el5,PU1,6.876,diff_2019,
6eln,P4A,6.046,diff_2019,
6elo,BAW,6.289,diff_2019,
6elp,BA8,6.627,diff_2019,
6emu,SAM,5.027,diff_2019,
6eog,BKK,5.796,diff_2019,
6eol,BKH,7.432,diff_2019,
6epa,BNQ,5.947,diff_2019,
6epy,RAF,6.46,diff_2019,
6epz,MLB,7.143,diff_2019,
6eq1,STW,4.609,diff_2019,
6eq8,BQZ,8.0,diff_2019,
6eqp,BUW,5.959,select_2018,
6et8,BWH,8.252,diff_2019,
6eu6,NH4,4.387,diff_2019,
6euw,BYB,7.77,select_2018,
6eux,BYB,5.921,select_2018,
6evq,C05,2.0,diff_2019,
6ew6,C0H,3.081,diff_2019,
6exi,ADN,5.046,diff_2019,
6ey8,C4T,5.81,diff_2019,
6ey9,C4N,5.907,diff_2019,
6eya,C4K,7.481,diff_2019,
6eyb,C3Z,5.375,diff_2019,
6eyt,UDP,5.721,diff_2019,
6ezq,C7K,4.658,select_2018,
6f1j,EDG,4.62,diff_2019,
6f1n,C8W,6.262,diff_2019,
6f20,C9E,4.305,diff_2019,
6f4w,FMC,5.53,diff_2019,
6f4x,FMC,4.971,diff_2019,
6f5u,CQN,3.538,diff_2019,
6f5w,KG1,3.827,diff_2019,
6f6i,8PR,3.187,diff_2019,
6f6n,SRE,3.022,diff_2019,
6f6s,CXQ,2.886,diff_2019,
6f9g,PUT,5.699,diff_2019,
6fa2,D2W,6.658,diff_2019,
6fa3,D1Z,7.42,diff_2019,
6fa4,D1W,7.292,diff_2019,
6fa5,ADP,6.747,diff_2019,
6faa,ADP,6.747,diff_2019,
6fac,ADP,6.747,diff_2019,
6fap,D3H,2.149,diff_2019,
6fba,D48,4.701,diff_2019,
6fbv,FI8,6.523,diff_2019,
6fe0,V90,6.481,diff_2019,
6fe1,V14,8.481,diff_2019,
6fg6,D8Q,3.398,diff_2019,
6fgf,EN2,3.959,diff_2019,
6fgg,D9B,4.77,diff_2019,
6fhk,ADP,7.507,diff_2019,
6fhq,DE5,2.469,diff_2019,
6fi1,D3H,2.149,diff_2019,
6fii,SG9,8.022,diff_2019,
6fjf,DKE,8.167,diff_2019,
6fjm,DKN,6.24,diff_2019,
6fmc,DUE,5.879,diff_2019,
6fmf,DUE,5.879,diff_2019,
6fmi,DV2,5.027,diff_2019,
6fmj,DV5,6.119,diff_2019,
6fmk,DV8,4.666,diff_2019,
6fnf,DXH,7.886,diff_2019,kinase
6fng,DWT,7.137,diff_2019,kinase
6fni,DXH,8.222,diff_2019,kinase
6fnj,DWT,6.848,diff_2019,kinase
6fnq,AVJ,4.585,diff_2019,
6fns,DY8,4.032,diff_2019,
6fo5,DZH,6.721,diff_2019,
6fs0,E4W,9.77,diff_2019,
6fs1,E4Q,7.009,diff_2019,
6fsd,E5H,4.244,diff_2019,
6fse,E5K,4.745,diff_2019,
6ftp,DM2,5.824,diff_2019,
6fty,E7H,2.699,diff_2019,
6ftz,E7E,3.0,diff_2019,
6fu4,HSM,6.194,diff_2019,
6fug,E85,4.301,diff_2019,
6fuh,E88,3.77,diff_2019,
6fui,E7W,4.456,diff_2019,
6fuj,E8B,4.301,diff_2019,
6fut,E82,4.699,diff_2019,
6fv4,16G,2.921,diff_2019,
6fyz,EBE,7.409,diff_2019,
6g0v,EGZ,3.78,diff_2019,
6g0z,GDP,5.315,diff_2019,
6g14,G4P,5.487,diff_2019,
6g15,C1Z,5.366,diff_2019,
6g33,5ID,8.155,diff_2019,kinase
6g34,5ID,8.244,diff_2019,kinase
6g35,EKK,7.757,diff_2019,kinase
6g36,EKH,7.788,diff_2019,kinase
6g37,FTU,7.37,diff_2019,kinase
6g38,TBN,6.621,diff_2019,kinase
6g39,5ID,8.337,diff_2019,kinase
6g3a,5ID,8.377,diff_2019,kinase
6g47,SIA,2.18,diff_2019,
6g6y,EOK,6.658,diff_2019,
6g6z,EOK,6.658,diff_2019,
6g98,ER5,6.149,diff_2019,
6g9b,IXX,3.235,diff_2019,
6g9i,CXX,3.928,diff_2019,
6g9u,ETK,6.432,diff_2019,
6ge7,EW8,6.062,diff_2019,
6gf9,X90,6.386,diff_2019,
6gfs,F15,6.536,diff_2019,
6gfy,EXH,6.613,diff_2019,
6gfz,EXE,5.511,diff_2019,
6ghh,TDA,6.714,diff_2019,
6ghp,EZ5,9.357,diff_2019,
6gji,F1E,3.87,diff_2019,
6gjj,L36,3.699,diff_2019,
6gjl,F1Q,3.857,diff_2019,
6gjm,L36,3.575,diff_2019,
6gjn,F0Q,6.222,diff_2019,
6gjr,F0W,3.735,diff_2019,
6gjy,F1Z,3.0,diff_2019,
6gl8,F3Q,8.607,diff_2019,
6gl9,F3W,6.87,diff_2019,kinase
6gla,F4B,7.569,diff_2019,kinase
6glb,F48,6.889,diff_2019,kinase
6gmq,F4K,2.301,diff_2019,
6gmx,F7B,2.174,diff_2019,
6gnm,27M,4.263,diff_2019,
6gnp,F4Z,4.547,diff_2019,
6gnr,6J3,5.442,diff_2019,
6gnw,F52,4.991,diff_2019,
6gon,8PF,5.666,diff_2019,
6goo,8PF,5.666,diff_2019,
6gr7,F52,5.496,diff_2019,
6grp,F4Z,5.476,diff_2019,
6gu2,F9Z,5.796,diff_2019,kinase
6gu3,FB8,5.357,diff_2019,kinase
6gu4,FC8,4.699,diff_2019,kinase
6gu6,1QK,5.742,diff_2019,kinase
6gu7,FB8,5.807,diff_2019,kinase
6gub,F9Z,7.638,diff_2019,kinase
6guc,SU9,7.602,diff_2019,kinase
6gue,FB8,8.398,diff_2019,kinase
6guf,23D,6.65,diff_2019,kinase
6guh,FB8,7.585,diff_2019,kinase
6guk,FC8,6.146,diff_2019,kinase
6gvz,CHO,6.398,diff_2019,
6gw1,CHO,5.143,diff_2019,
6gw4,CHO,5.921,diff_2019,
6gwr,FEW,8.102,diff_2019,kinase
6gzd,LCI,8.009,diff_2019,kinase
6gzh,LCI,8.268,diff_2019,kinase
6gzm,LCI,8.26,diff_2019,kinase
6h7n,FVK,8.456,diff_2019,
6h7o,P32,9.854,diff_2019,
6h8s,FSZ,4.424,diff_2019,
6h96,FWE,8.678,diff_2019,
6hai,FWW,7.936,diff_2019,
6hd6,FYH,5.699,diff_2019,kinase
6hke,MLT,7.678,diff_2019,
6hlx,G9Z,7.174,diff_2019,
6hly,G9Z,7.328,diff_2019,
6hlz,G9Z,7.328,diff_2019,
6hm2,G9Z,7.328,diff_2019,
6hoy,TSN,4.481,diff_2019,
6hpw,GKT,6.093,diff_2019,
6hqy,GKW,6.435,diff_2019,
6hrq,GM5,7.088,diff_2019,
6hsh,GOK,7.547,diff_2019,
6ht1,GQ5,7.114,diff_2019,
6htg,T61,7.174,diff_2019,
6ma1,JA4,8.097,diff_2019,
6ma2,J9S,5.387,diff_2019,
6ma3,JAJ,8.301,diff_2019,
6ma4,JA7,7.347,diff_2019,
6ma5,J9V,8.097,diff_2019,
6mjf,SAH,5.162,diff_2019,
6mv3,WW7,3.328,diff_2019,
6mwe,919,9.201,diff_2019,kinase
6mxe,K5S,4.26,diff_2019,
6nao,8ZP,6.699,diff_2019,
